"mp-10250",0.747576,0.747576,0.747576
"mp-1074",0.17607,0.17607,0.17607
"mp-10748",0.274375,0.274375,0.274375
"mp-1217",0.250294,0.250294,0.250294
"mp-13827",1.644935,1.644935,1.644935
"mp-13875",0.726731,0.726731,0.726731
"mp-14001",0.199617,0.199617,0.199617
"mp-14002",0.213578,0.213578,0.213578
"mp-14213",0.279997,0.279997,0.279997
"mp-14214",0.230354,0.230354,0.230354
"mp-14215",0.215075,0.215075,0.215075
"mp-14407",0.151039,0.151039,0.151039
"mp-14607",0.572077,0.572077,0.572077
"mp-14712",1.620751,1.620751,1.620751
"mp-14753",1.033229,1.033229,1.033229
"mp-14827",1.161338,1.161338,1.161338
"mp-14889",0.3045,0.3045,0.3045
"mp-14890",0.216312,0.216312,0.216312
"mp-15077",0.257571,0.257571,0.257571
"mp-15500",0.286397,0.286397,0.286397
"mp-15501",0.253842,0.253842,0.253842
"mp-15502",0.234601,0.234601,0.234601
"mp-15503",0.214626,0.214626,0.214626
"mp-16108",0.861457,0.861457,0.861457
"mp-16363",0.517817,0.517817,0.517817
"mp-16793",0.743146,0.743146,0.743146
"mp-17167",0.71694,0.71694,0.71694
"mp-17250",0.407002,0.407002,0.407002
"mp-17493",0.761448,0.761448,0.761448
"mp-17538",0.2094,0.2094,0.2094
"mp-1888",0.149927,0.149927,0.149927
"mp-2030",0.611871,0.611871,0.611871
"mp-20820",0.680076,0.680076,0.680076
"mp-2146",0.174618,0.174618,0.174618
"mp-21855",0.281256,0.281256,0.281256
"mp-226",0.785064,0.785064,0.785064
"mp-22865",0.168937,0.168937,0.168937
"mp-22875",0.208613,0.208613,0.208613
"mp-22906",0.137316,0.137316,0.137316
"mp-2310",0.564047,0.564047,0.564047
"mp-23145",0.900832,0.900832,0.900832
"mp-23147",0.875127,0.875127,0.875127
"mp-23149",0.797054,0.797054,0.797054
"mp-23167",0.331351,0.331351,0.331351
"mp-23287",0.317142,0.317142,0.317142
"mp-23302",0.14488,0.14488,0.14488
"mp-23370",0.183621,0.183621,0.183621
"mp-23420",0.291864,0.291864,0.291864
"mp-23476",0.264138,0.264138,0.264138
"mp-23592",0.194379,0.194379,0.194379
"mp-23648",0.980177,0.980177,0.980177
"mp-23651",0.667498,0.667498,0.667498
"mp-23656",0.694776,0.694776,0.694776
"mp-23659",0.665413,0.665413,0.665413
"mp-23737",0.756183,0.756183,0.756183
"mp-23818",0.520088,0.520088,0.520088
"mp-23949",0.851664,0.851664,0.851664
"mp-24006",0.839393,0.839393,0.839393
"mp-24052",0.453976,0.453976,0.453976
"mp-2488",0.540933,0.540933,0.540933
"mp-2589",1.199819,1.199819,1.199819
"mp-2604",0.225439,0.225439,0.225439
"mp-2667",0.1523,0.1523,0.1523
"mp-27294",0.330554,0.330554,0.330554
"mp-27528",0.208982,0.208982,0.208982
"mp-27625",0.309306,0.309306,0.309306
"mp-27626",0.291132,0.291132,0.291132
"mp-27779",0.268878,0.268878,0.268878
"mp-28069",0.388744,0.388744,0.388744
"mp-28140",0.307812,0.307812,0.307812
"mp-28171",0.243627,0.243627,0.243627
"mp-28585",0.238104,0.238104,0.238104
"mp-28590",0.162168,0.162168,0.162168
"mp-28593",0.839561,0.839561,0.839561
"mp-28686",0.663558,0.663558,0.663558
"mp-28730",0.264928,0.264928,0.264928
"mp-28914",0.232776,0.232776,0.232776
"mp-28980",0.165297,0.165297,0.165297
"mp-28988",0.199275,0.199275,0.199275
"mp-29043",0.174224,0.174224,0.174224
"mp-29044",0.179785,0.179785,0.179785
"mp-29052",0.180742,0.180742,0.180742
"mp-29078",0.188822,0.188822,0.188822
"mp-29168",0.152809,0.152809,0.152809
"mp-29342",0.428545,0.428545,0.428545
"mp-29379",0.120499,0.120499,0.120499
"mp-29746",0.249229,0.249229,0.249229
"mp-29799",0.426882,0.426882,0.426882
"mp-2983",0.989524,0.989524,0.989524
"mp-29834",0.142658,0.142658,0.142658
"mp-30230",0.194463,0.194463,0.194463
"mp-34337",0.815681,0.815681,0.815681
"mp-3448",0.818225,0.818225,0.818225
"mp-361",0.70767,0.70767,0.70767
"mp-3614",1.617536,1.617536,1.617536
"mp-36248",0.647376,0.647376,0.647376
"mp-3762",0.341494,0.341494,0.341494
"mp-3949",0.257713,0.257713,0.257713
"mp-4043",0.270614,0.270614,0.270614
"mp-4081",0.251251,0.251251,0.251251
"mp-4157",0.687096,0.687096,0.687096
"mp-4396",0.560524,0.560524,0.560524
"mp-4604",1.335231,1.335231,1.335231
"mp-4825",1.389905,1.389905,1.389905
"mp-530399",1.829296,1.829296,1.829296
"mp-530545",0.238649,0.238649,0.238649
"mp-530571",0.666781,0.666781,0.666781
"mp-531297",0.363824,0.363824,0.363824
"mp-534870",0.778308,0.778308,0.778308
"mp-554203",0.70899,0.70899,0.70899
"mp-554560",1.013033,1.013033,1.013033
"mp-554733",0.727288,0.727288,0.727288
"mp-556287",0.654136,0.654136,0.654136
"mp-556528",0.259215,0.259215,0.259215
"mp-556627",0.277062,0.277062,0.277062
"mp-556649",0.682952,0.682952,0.682952
"mp-556886",0.755538,0.755538,0.755538
"mp-557112",0.662278,0.662278,0.662278
"mp-557456",0.705594,0.705594,0.705594
"mp-559084",0.669254,0.669254,0.669254
"mp-559286",0.704105,0.704105,0.704105
"mp-559835",0.554728,0.554728,0.554728
"mp-560072",0.799258,0.799258,0.799258
"mp-560894",1.05892,1.05892,1.05892
"mp-561202",0.223589,0.223589,0.223589
"mp-5621",0.319439,0.319439,0.319439
"mp-5626",0.123415,0.123415,0.123415
"mp-567185",0.200479,0.200479,0.200479
"mp-567486",1.085041,1.085041,1.085041
"mp-567910",0.187638,0.187638,0.187638
"mp-568397",0.275801,0.275801,0.275801
"mp-568544",0.417355,0.417355,0.417355
"mp-568612",0.220697,0.220697,0.220697
"mp-568847",0.198602,0.198602,0.198602
"mp-569225",0.137426,0.137426,0.137426
"mp-570135",0.215173,0.215173,0.215173
"mp-570223",0.504613,0.504613,0.504613
"mp-570652",0.259198,0.259198,0.259198
"mp-571056",0.101896,0.101896,0.101896
"mp-571184",0.202719,0.202719,0.202719
"mp-571341",0.248367,0.248367,0.248367
"mp-571369",0.89354,0.89354,0.89354
"mp-571478",0.194643,0.194643,0.194643
"mp-574224",0.116077,0.116077,0.116077
"mp-583553",0.269775,0.269775,0.269775
"mp-5878",0.830501,0.830501,0.830501
"mp-621964",0.14738,0.14738,0.14738
"mp-623862",0.197077,0.197077,0.197077
"mp-628768",0.221746,0.221746,0.221746
"mp-632319",0.565689,0.565689,0.565689
"mp-6404",1.193954,1.193954,1.193954
"mp-643071",0.455722,0.455722,0.455722
"mp-643246",0.270909,0.270909,0.270909
"mp-643293",0.294915,0.294915,0.294915
"mp-644203",0.491785,0.491785,0.491785
"mp-644264",0.686788,0.686788,0.686788
"mp-646878",0.234911,0.234911,0.234911
"mp-649327",0.19237,0.19237,0.19237
"mp-675142",0.195418,0.195418,0.195418
"mp-6856",0.869104,0.869104,0.869104
"mp-694981",1.010786,1.010786,1.010786
"mp-7104",0.588222,0.588222,0.588222
"mp-723378",0.83914,0.83914,0.83914
"mp-730",0.385475,0.385475,0.385475
"mp-755309",0.341498,0.341498,0.341498
"mp-756361",0.531025,0.531025,0.531025
"mp-760375",0.388101,0.388101,0.388101
"mp-7604",1.093699,1.093699,1.093699
"mp-768523",0.660402,0.660402,0.660402
"mp-771046",0.887372,0.887372,0.887372
"mp-772617",0.809106,0.809106,0.809106
"mp-7787",0.535372,0.535372,0.535372
"mp-8399",0.50259,0.50259,0.50259
"mp-8402",0.617358,0.617358,0.617358
"mp-8484",0.790111,0.790111,0.790111
"mp-8594",0.262297,0.262297,0.262297
"mp-862832","nan","nan","nan"
"mp-8630",0.298464,0.298464,0.298464
"mp-8686",0.257748,0.257748,0.257748
"mp-8878",1.321683,1.321683,1.321683
"mp-9191",0.164677,0.164677,0.164677
"mp-9295",0.214491,0.214491,0.214491
"mp-953",0.480346,0.480346,0.480346
"mp-978840",1.037309,1.037309,1.037309
"mp-978844",0.832382,0.832382,0.832382
"mp-981379",0.337647,0.337647,0.337647
"mp-984729",0.699359,0.699359,0.699359
"mp-985586",0.481425,0.481425,0.481425
"mp-991652",0.223786,0.223786,0.223786
"mp-991676",0.221303,0.221303,0.221303
"mp-10219",1.370597,1.370597,0.791806
"mp-10322",0.676835,0.676835,0.439528
"mp-10488",0.214169,0.214169,0.16128
"mp-10489",0.212245,0.212245,0.154662
"mp-10534",0.366549,0.366549,0.308397
"mp-10932",0.546752,0.546752,0.453705
"mp-10942",0.705532,0.705532,0.592425
"mp-11025",0.41752,0.41752,0.423393
"mp-12112",0.301006,0.301006,0.284782
"mp-1249",1.148723,1.148723,1.521916
"mp-12620",0.411418,0.411418,0.343921
"mp-12621",0.357423,0.357423,0.27746
"mp-12902",0.253634,0.253634,0.198544
"mp-12903",0.27939,0.27939,0.232937
"mp-12904",0.251008,0.251008,0.198794
"mp-1323",1.328771,1.328771,1.271519
"mp-13758",0.716243,0.716243,0.718291
"mp-13820",0.768404,0.768404,0.731435
"mp-13836",0.68908,0.68908,0.850607
"mp-13843",0.817472,0.817472,0.735388
"mp-13985",0.656786,0.656786,0.733603
"mp-13986",0.599927,0.599927,0.671476
"mp-14249",0.280616,0.280616,0.376019
"mp-14324",0.738781,0.738781,0.666731
"mp-14415",0.77626,0.77626,0.711529
"mp-14416",0.796759,0.796759,0.735372
"mp-14420",0.861474,0.861474,0.793436
"mp-14495",1.178597,1.178597,1.223402
"mp-15844",1.063618,1.063618,0.960924
"mp-16236",0.219515,0.219515,0.162402
"mp-16695",0.755409,0.755409,0.565439
"mp-16742",0.248861,0.248861,0.174691
"mp-16929",1.036455,1.036455,0.889029
"mp-16995",1.048145,1.048145,0.924999
"mp-17244",0.319088,0.319088,0.30641
"mp-17392",0.688651,0.688651,0.565305
"mp-18129",0.34177,0.34177,0.35059
"mp-18422",0.477925,0.477925,0.635228
"mp-1873",1.030358,1.030358,1.105813
"mp-19926",0.807531,0.807531,0.717803
"mp-20778",0.838703,0.838703,0.77289
"mp-21228",0.378886,0.378886,0.269351
"mp-21964",0.32369,0.32369,0.480598
"mp-22917",0.301222,0.301222,0.133981
"mp-22934",0.257189,0.257189,0.131061
"mp-22939",0.57617,0.57617,0.185053
"mp-22951",0.243238,0.243238,0.157546
"mp-22956",0.274933,0.274933,0.143038
"mp-22957",0.429454,0.429454,0.338303
"mp-22964",0.453547,0.453547,0.290932
"mp-22969",0.293732,0.293732,0.105745
"mp-22987",0.420798,0.420798,0.089207
"mp-23008",0.351597,0.351597,0.184653
"mp-23023",0.507927,0.507927,0.197407
"mp-23024",0.371142,0.371142,0.24865
"mp-23025",0.576707,0.576707,0.251331
"mp-23046",0.299107,0.299107,0.148644
"mp-23058",0.582222,0.582222,0.264835
"mp-23068",0.501559,0.501559,0.21307
"mp-23070",0.271064,0.271064,0.213472
"mp-23364",0.387462,0.387462,0.165561
"mp-23432",0.307309,0.307309,0.259217
"mp-23710",0.939585,0.939585,1.210386
"mp-23778",0.870186,0.870186,1.531197
"mp-23859",0.548652,0.548652,0.370892
"mp-23860",0.349416,0.349416,0.276483
"mp-23861",0.257594,0.257594,0.221408
"mp-23862",0.212574,0.212574,0.133124
"mp-23947",0.323252,0.323252,0.333238
"mp-23948",0.466456,0.466456,0.411935
"mp-24204",0.295802,0.295802,0.122335
"mp-24205",0.261069,0.261069,0.185233
"mp-24409",0.499584,0.499584,0.50615
"mp-24422",0.394015,0.394015,0.211079
"mp-24423",0.311925,0.311925,0.214965
"mp-24424",0.240551,0.240551,0.192398
"mp-24822",0.932046,0.932046,0.987779
"mp-2574",1.638526,1.638526,1.369845
"mp-2657",2.160363,2.160363,3.59085
"mp-27138",0.201225,0.201225,0.101765
"mp-27243",0.196264,0.196264,0.095133
"mp-27375",0.094879,0.094879,0.137789
"mp-27439",0.495742,0.495742,0.093798
"mp-27546",0.693296,0.693296,0.491828
"mp-27689",0.622748,0.622748,0.624402
"mp-27809",0.279479,0.279479,0.243835
"mp-2782",0.417494,0.417494,0.423319
"mp-27823",0.611445,0.611445,0.26748
"mp-27984",0.568349,0.568349,0.264728
"mp-27985",0.815545,0.815545,0.364822
"mp-28020",0.267466,0.267466,0.317499
"mp-28021",0.275746,0.275746,0.237503
"mp-28065",0.622972,0.622972,0.191789
"mp-28066",0.540185,0.540185,0.146544
"mp-28067",0.446229,0.446229,0.084838
"mp-28255",0.717799,0.717799,0.525838
"mp-28274",0.575986,0.575986,0.489989
"mp-28320",0.135623,0.135623,0.170094
"mp-28365",0.461511,0.461511,0.419125
"mp-28505",0.161494,0.161494,0.233438
"mp-28517",0.132337,0.132337,0.101791
"mp-28768",0.26505,0.26505,0.26184
"mp-28782",0.484375,0.484375,0.497296
"mp-28920",0.193381,0.193381,0.148338
"mp-28931",0.934916,0.934916,1.167143
"mp-29136",0.431437,0.431437,0.405172
"mp-29138",0.132134,0.132134,0.502868
"mp-29143",0.374929,0.374929,0.383839
"mp-29169",0.379463,0.379463,0.536949
"mp-29170",0.342227,0.342227,0.501481
"mp-29254",0.399418,0.399418,0.107434
"mp-29313",0.346973,0.346973,0.420659
"mp-29327",0.497066,0.497066,0.166681
"mp-29359",0.387722,0.387722,0.228276
"mp-29362",0.226317,0.226317,0.2855
"mp-29456",0.324721,0.324721,0.117516
"mp-29628",0.374416,0.374416,0.378521
"mp-29731",0.690585,0.690585,0.293631
"mp-29889",0.220267,0.220267,0.117112
"mp-30311",0.378887,0.378887,0.378546
"mp-30315",0.849005,0.849005,0.975401
"mp-30519",0.2219,0.2219,0.244311
"mp-30543",0.226966,0.226966,0.386716
"mp-30993",0.414968,0.414968,0.11015
"mp-3104",0.711686,0.711686,0.512923
"mp-3297",0.92568,0.92568,1.068746
"mp-3427",1.331933,1.331933,1.306834
"mp-3503",0.834527,0.834527,0.831661
"mp-3551",0.245483,0.245483,0.198081
"mp-3653",1.047488,1.047488,0.999982
"mp-37722",0.679709,0.679709,0.708019
"mp-38725",1.176182,1.176182,1.206528
"mp-4024",0.249073,0.249073,0.199628
"mp-4287",0.816347,0.816347,0.763107
"mp-4495",0.18783,0.18783,0.135577
"mp-470",1.123438,1.123438,1.4768
"mp-4824",0.416049,0.416049,0.294606
"mp-4888",1.293197,1.293197,0.868891
"mp-505366",0.221091,0.221091,0.169935
"mp-5339",0.133715,0.133715,0.109368
"mp-541040",0.942119,0.942119,0.904855
"mp-541923",0.291864,0.291864,0.334212
"mp-542737",1.136541,1.136541,1.272564
"mp-545529",0.787201,0.787201,0.31664
"mp-545728",0.666329,0.666329,0.266771
"mp-545847",0.773314,0.773314,0.31361
"mp-546011",0.575999,0.575999,0.301511
"mp-546082",0.810571,0.810571,0.331078
"mp-546152",0.786813,0.786813,0.318642
"mp-546266",0.681099,0.681099,0.286358
"mp-546350",0.756584,0.756584,0.307598
"mp-546621",0.750082,0.750082,0.304441
"mp-546625",0.746215,0.746215,0.302307
"mp-546672",0.671467,0.671467,0.257536
"mp-547125",0.793006,0.793006,0.323213
"mp-5487",0.771977,0.771977,0.744042
"mp-549127",0.800541,0.800541,0.326768
"mp-549333",0.66595,0.66595,0.269832
"mp-549475",0.738117,0.738117,0.295661
"mp-549589",0.509298,0.509298,0.239241
"mp-549709",0.804416,0.804416,0.328407
"mp-550111",0.73059,0.73059,0.287413
"mp-550635",0.716045,0.716045,0.299465
"mp-550805",0.825359,0.825359,0.335818
"mp-551101",0.686064,0.686064,0.288968
"mp-551250",0.690923,0.690923,0.290956
"mp-551816",0.713793,0.713793,0.294327
"mp-551900",0.73022,0.73022,0.279557
"mp-552008",0.796309,0.796309,0.324872
"mp-552292",0.668399,0.668399,0.275506
"mp-552488",0.48577,0.48577,0.217747
"mp-552604",0.833846,0.833846,0.331826
"mp-552738",0.697659,0.697659,0.293884
"mp-552857",0.677284,0.677284,0.283901
"mp-552992",0.741609,0.741609,0.299592
"mp-553082",0.78963,0.78963,0.316129
"mp-553242",0.729402,0.729402,0.282142
"mp-553243",0.777148,0.777148,0.306452
"mp-554116",0.467947,0.467947,0.290045
"mp-554245",0.440885,0.440885,0.268947
"mp-554845",0.72934,0.72934,0.715548
"mp-555736",0.27816,0.27816,0.195607
"mp-556438",0.765432,0.765432,0.647077
"mp-556525",0.645685,0.645685,0.666484
"mp-556712",0.259465,0.259465,0.379672
"mp-557483",0.40188,0.40188,0.265
"mp-557737",0.307145,0.307145,0.530177
"mp-557862",0.284548,0.284548,0.371032
"mp-558212",0.73125,0.73125,0.616469
"mp-558229",0.379243,0.379243,0.32205
"mp-558317",0.716657,0.716657,0.603585
"mp-559347",1.467837,1.467837,1.875743
"mp-559639",0.641673,0.641673,0.496478
"mp-559691",1.236882,1.236882,0.888055
"mp-559893",0.556604,0.556604,0.380912
"mp-560340",0.496877,0.496877,0.705095
"mp-560785",0.294998,0.294998,0.355023
"mp-560786",0.3662,0.3662,0.310501
"mp-561375",0.366916,0.366916,0.312393
"mp-567809",0.164335,0.164335,0.114104
"mp-568032",0.238918,0.238918,0.19517
"mp-568556",1.429004,1.429004,1.370203
"mp-568742",0.104256,0.104256,0.086462
"mp-569055",0.154901,0.154901,0.126594
"mp-569282",0.223699,0.223699,0.221106
"mp-569349",0.178526,0.178526,0.169632
"mp-570256",0.112327,0.112327,0.12433
"mp-570339",0.117039,0.117039,0.109243
"mp-570844",0.396671,0.396671,0.321809
"mp-571085",0.194905,0.194905,0.289574
"mp-571164",0.162752,0.162752,0.242461
"mp-571594",0.166813,0.166813,0.256814
"mp-571623",0.206391,0.206391,0.327266
"mp-581833",0.319124,0.319124,1.010951
"mp-582259",1.296095,1.296095,1.437378
"mp-5962",0.365063,0.365063,0.287656
"mp-6081",0.950367,0.950367,0.605839
"mp-6138",1.138392,1.138392,0.783681
"mp-616218",0.15932,0.15932,0.141406
"mp-6208",1.232101,1.232101,0.96835
"mp-6228",0.98823,0.98823,0.70839
"mp-625541",0.404166,0.404166,0.463294
"mp-628185",0.172361,0.172361,0.251805
"mp-642735",0.313183,0.313183,0.458111
"mp-642736",0.367877,0.367877,0.609234
"mp-642821",0.350726,0.350726,0.607883
"mp-642845",0.289593,0.289593,0.506225
"mp-643006",0.275688,0.275688,0.492113
"mp-643010",0.282271,0.282271,0.410593
"mp-643022",0.28902,0.28902,0.495158
"mp-643248",0.755467,0.755467,0.675228
"mp-644494",0.315592,0.315592,0.453712
"mp-6564",0.920245,0.920245,0.704631
"mp-662530",0.560838,0.560838,0.234774
"mp-6655",1.160449,1.160449,0.930816
"mp-690684",0.865756,0.865756,0.643023
"mp-6941",1.198157,1.198157,0.896285
"mp-698032",0.630316,0.630316,0.665789
"mp-699464",1.148144,1.148144,0.917351
"mp-7013",1.067169,1.067169,0.808128
"mp-703316",0.747186,0.747186,1.083423
"mp-7060",0.55845,0.55845,0.248544
"mp-7061",0.488768,0.488768,0.244866
"mp-7089",0.235508,0.235508,0.137695
"mp-7090",0.269448,0.269448,0.188748
"mp-7100",0.84589,0.84589,0.526039
"mp-7129",0.299954,0.299954,0.183852
"mp-752851",1.393135,1.393135,0.978093
"mp-753173",0.469896,0.469896,0.0953
"mp-753594",1.026185,1.026185,0.669042
"mp-753712",0.516397,0.516397,0.11436
"mp-754217",0.421735,0.421735,0.10189
"mp-7548",0.217835,0.217835,0.207046
"mp-754969",0.545993,0.545993,0.126537
"mp-755084",0.782903,0.782903,0.725679
"mp-755323",0.67366,0.67366,0.284888
"mp-755336",0.406014,0.406014,0.105441
"mp-755401",0.562915,0.562915,0.477578
"mp-756389",0.71749,0.71749,0.761174
"mp-757031",1.312214,1.312214,1.451847
"mp-7623",0.32487,0.32487,0.3718
"mp-768906",0.602048,0.602048,0.163584
"mp-769025",0.722782,0.722782,0.817042
"mp-771976",0.672058,0.672058,0.672788
"mp-773137",0.14487,0.14487,0.106127
"mp-776532",0.956116,0.956116,1.331034
"mp-777297",0.388702,0.388702,0.752149
"mp-778602",0.562953,0.562953,0.554559
"mp-7812",0.807309,0.807309,0.987272
"mp-7950",0.44789,0.44789,0.258955
"mp-8203",0.344778,0.344778,0.503147
"mp-8430",0.405306,0.405306,0.266791
"mp-8452",0.497136,0.497136,0.463302
"mp-8514",0.645676,0.645676,0.644286
"mp-856",0.807077,0.807077,1.057387
"mp-861607",0.689364,0.689364,0.563945
"mp-861868",0.665899,0.665899,0.541026
"mp-861944",0.674967,0.674967,0.55156
"mp-861957",0.721514,0.721514,0.59058
"mp-8658",0.173539,0.173539,0.129684
"mp-867133",0.889407,0.889407,0.78288
"mp-867943",0.58609,0.58609,0.617588
"mp-8751",0.302143,0.302143,0.16874
"mp-8756",0.290472,0.290472,0.200189
"mp-8799",0.276018,0.276018,0.210539
"mp-8804",0.967248,0.967248,0.924541
"mp-8866",0.286344,0.286344,0.271317
"mp-8936",0.456709,0.456709,0.381883
"mp-8959",0.295046,0.295046,0.378976
"mp-8976",0.444167,0.444167,0.140737
"mp-9077",0.995754,0.995754,0.73159
"mp-913",0.300983,0.300983,0.284863
"mp-9194",0.458153,0.458153,0.231577
"mp-9250",0.239307,0.239307,0.137849
"mp-9304",0.477775,0.477775,0.233894
"mp-9338",0.794403,0.794403,0.552258
"mp-9486",0.439177,0.439177,0.815177
"mp-9517",0.902872,0.902872,0.732497
"mp-9562",0.553625,0.553625,0.37946
"mp-9650",1.074809,1.074809,1.288901
"mp-971712",0.364414,0.364414,0.335327
"mp-973585",0.536939,0.536939,0.091747
"mp-973981",0.570685,0.570685,0.123576
"mp-974713",0.363423,0.363423,0.528202
"mp-975666",0.490075,0.490075,0.204415
"mp-9759",0.639844,0.639844,0.628712
"mp-983603",0.525213,0.525213,0.255312
"mp-9845",0.252819,0.252819,0.162728
"mp-984766",0.937943,0.937943,1.174892
"mp-9915",0.853748,0.853748,0.646507
"mp-10233",0.926975,0.85974,0.93885
"mp-10234",0.694525,0.580614,0.668185
"mp-10368",0.589899,0.578429,0.523398
"mp-10533",0.328583,0.430234,0.339695
"mp-11000",1.692812,1.700001,1.643334
"mp-11165",0.982522,0.937508,0.980979
"mp-11347",0.769905,0.762186,0.692848
"mp-1146",0.350005,0.341854,0.332214
"mp-11582",0.305646,0.297963,0.29974
"mp-11623",0.789821,0.899649,0.86519
"mp-12023",0.569716,0.457591,0.506607
"mp-12221",0.535685,0.720361,0.759454
"mp-12271",0.64193,0.932408,0.797832
"mp-12418",0.243865,0.251198,0.2703
"mp-1244",0.220926,0.263373,0.224904
"mp-12453",0.274912,0.351029,0.286475
"mp-12454",0.272985,0.34212,0.283903
"mp-12455",0.272192,0.337963,0.285226
"mp-12457",0.270928,0.328062,0.287391
"mp-1270",0.330404,0.335978,0.332921
"mp-12797",1.153712,1.118473,1.052929
"mp-12843",0.437117,0.341582,0.330995
"mp-1285",0.599351,0.665041,0.906838
"mp-12955",0.231225,0.2725,0.31504
"mp-13252",1.530679,1.594125,1.506575
"mp-13374",0.820128,0.919644,0.922082
"mp-13725",1.167106,1.133097,1.28867
"mp-13872",0.426767,0.360627,0.395624
"mp-13956",0.30182,0.255964,0.234007
"mp-1403",0.32355,0.365204,0.317742
"mp-1413",0.677107,0.741858,0.567645
"mp-14280",0.329369,0.314828,0.370085
"mp-14383",0.814203,0.857712,0.904757
"mp-14493",0.538817,0.525554,0.493214
"mp-14646",1.01773,1.042816,1.019424
"mp-14680",0.362263,0.317657,0.342443
"mp-14743",0.406037,0.357765,0.400115
"mp-1477",0.218104,0.234839,0.212521
"mp-14988",0.403516,0.403554,0.343443
"mp-1508",0.351735,0.285831,0.336182
"mp-15108",0.546375,0.564122,0.585234
"mp-15148",0.277433,0.293351,0.324483
"mp-15179",0.32285,0.361678,0.316228
"mp-1522",0.728457,0.779762,0.834485
"mp-15515",0.624208,0.656068,0.608127
"mp-1568",0.2483,0.317395,0.288263
"mp-15865",0.651135,0.685937,0.713641
"mp-15960",1.323148,1.247303,1.190712
"mp-16160",0.606264,0.42517,0.592461
"mp-16167",0.250624,0.255395,0.232282
"mp-16264",0.222408,0.222958,0.228139
"mp-16403",0.255746,0.625089,0.278483
"mp-16608",0.52177,0.589899,0.56513
"mp-16610",0.446341,0.471319,0.491318
"mp-1666",0.383278,0.242314,0.38225
"mp-16818",0.161991,0.194796,0.203672
"mp-16848",0.234034,0.231686,0.215715
"mp-16863",0.254301,0.28563,0.235765
"mp-16870",0.207575,0.237182,0.199978
"mp-16904",0.183848,0.209787,0.177547
"mp-16905",0.169552,0.301895,0.203684
"mp-16911",0.270207,0.251276,0.215511
"mp-16919",0.378367,0.408162,0.402569
"mp-16927",0.602751,0.633906,0.543569
"mp-16934",0.722496,0.736264,0.721856
"mp-16945",0.536439,0.746112,0.536988
"mp-16972",0.30458,0.295298,0.207118
"mp-16996",0.985881,1.154014,1.225906
"mp-17043",0.307547,0.337911,0.315675
"mp-17048",0.190781,0.230047,0.178937
"mp-17057",0.313015,0.317013,0.293573
"mp-17063",0.252642,0.31283,0.205006
"mp-17066",0.813364,0.829596,0.798342
"mp-17088",0.269546,0.314645,0.283022
"mp-17090",0.305507,0.340718,0.303619
"mp-17095",0.284874,0.216616,0.110332
"mp-17112",0.151985,0.157991,0.253616
"mp-17129",0.54571,1.048277,0.571266
"mp-17133",0.431427,0.959453,0.473668
"mp-17153",0.180662,0.255984,0.213948
"mp-17154",0.201308,0.207398,0.179489
"mp-1716",0.661773,0.733256,0.768824
"mp-17186",0.35563,0.380982,0.311735
"mp-17273",0.18114,0.251963,0.213132
"mp-17275",0.750979,0.988571,0.763598
"mp-17283",0.200116,0.19592,0.173038
"mp-17324",0.284458,0.478773,0.239459
"mp-17361",0.165422,0.198478,0.152365
"mp-17363",0.658146,0.824441,0.640955
"mp-17394",0.73317,0.71818,0.634113
"mp-17404",0.905452,0.881459,0.891131
"mp-17412",0.645367,0.815767,0.639222
"mp-17441",0.475129,0.533305,0.597422
"mp-17487",0.604456,0.644336,0.554628
"mp-17501",0.251982,0.319748,0.263775
"mp-17597",0.482835,0.697476,0.586422
"mp-17612",0.612819,0.61942,0.537157
"mp-17633",0.571761,0.633505,0.522295
"mp-17638",0.177607,0.180512,0.146685
"mp-17660",0.275743,0.33516,0.233159
"mp-17678",0.443079,0.601038,0.498386
"mp-17691",0.332273,0.288299,0.351468
"mp-17697",0.561009,0.691903,0.513727
"mp-17715",0.909198,1.382167,0.750706
"mp-17730",0.729907,0.43799,0.473564
"mp-17750",0.515687,0.511777,0.443478
"mp-17769",1.019881,0.743909,0.932823
"mp-17785",0.712861,0.777591,0.646647
"mp-17786",0.185467,0.264264,0.214795
"mp-17805",0.268139,0.292565,0.230228
"mp-17830",0.12761,0.131211,0.219564
"mp-17832",0.50567,0.528732,0.469937
"mp-17834",0.568409,0.589426,0.513194
"mp-17854",0.711481,0.795767,0.681993
"mp-17872",0.21015,0.289851,0.2434
"mp-17885",0.1936,0.182252,0.20516
"mp-17891",0.81035,0.756129,0.784569
"mp-17908",0.328657,0.317396,0.255785
"mp-17913",0.567144,0.617232,0.516278
"mp-17927",0.180565,0.253391,0.213369
"mp-17928",0.181542,0.250051,0.213403
"mp-17945",0.230492,0.21349,0.241156
"mp-17960",0.641649,0.820724,0.638094
"mp-17978",0.202957,0.16307,0.189025
"mp-17980",0.253912,0.291178,0.238611
"mp-17989",0.326495,0.356589,0.295934
"mp-17998",0.616459,1.006944,0.67356
"mp-18003",0.388496,0.214735,0.159541
"mp-18008",0.204306,0.231183,0.190525
"mp-18010",0.259289,0.25045,0.436735
"mp-18040",0.540366,0.66201,0.498227
"mp-18042",0.679148,0.864466,0.686952
"mp-18084",0.72953,0.882884,0.677366
"mp-18099",0.402893,0.429489,0.573828
"mp-18101",0.1924,0.232161,0.266243
"mp-18105",0.215272,0.177574,0.105966
"mp-18109",0.644788,0.448314,0.703072
"mp-18132",0.169862,0.192884,0.200608
"mp-18138",0.166963,0.204051,0.168095
"mp-18177",0.254075,0.277105,0.207596
"mp-18196",0.182426,0.249466,0.213361
"mp-18199",0.266218,0.310899,0.233586
"mp-18219",0.567924,0.622634,0.517437
"mp-18258",0.659942,0.831727,0.642361
"mp-18297",0.425086,0.67217,0.453268
"mp-18305",0.187594,0.201319,0.154
"mp-18309",0.23212,0.255178,0.21955
"mp-18332",0.302916,0.330205,0.313064
"mp-18334",0.603745,0.641592,0.552023
"mp-18335",0.212138,0.212385,0.224711
"mp-18365",0.30152,0.211644,0.124198
"mp-18445",0.203182,0.396491,0.232738
"mp-18466",0.561243,0.584933,0.511617
"mp-18500",0.15182,0.118542,0.211133
"mp-18513",0.200172,0.349411,0.227652
"mp-18531",0.153729,0.168222,0.191402
"mp-18542",0.519234,0.525146,0.446343
"mp-18556",0.177869,0.217545,0.228539
"mp-1858",1.016004,0.960329,0.996162
"mp-18584",0.570121,0.628978,0.520108
"mp-18585",0.229635,0.183604,0.129376
"mp-18610",0.562395,0.5971,0.512195
"mp-18612",0.218796,0.258821,0.203476
"mp-18625",0.237704,0.233418,0.254138
"mp-18629",0.607124,0.64906,0.558399
"mp-18642",0.411989,0.499518,0.372809
"mp-18660",0.245856,0.340283,0.286222
"mp-18662",0.774523,0.744664,0.764829
"mp-19795",0.210679,0.388614,0.307572
"mp-20027",0.917128,0.912345,0.726925
"mp-20244",0.266668,0.462198,0.232021
"mp-20310",0.240212,0.229161,0.246715
"mp-20331",0.241261,0.353183,0.24079
"mp-20489",0.63497,0.789487,0.679916
"mp-20817",0.333211,0.308918,0.343528
"mp-20944",0.530808,0.527914,0.617436
"mp-21137",0.690045,0.655964,0.761637
"mp-21390",0.274747,0.371528,0.262982
"mp-2139",0.182094,0.216537,0.184803
"mp-21459",0.251692,0.231875,0.245428
"mp-21461",0.469234,0.311176,0.31521
"mp-21562",0.277862,0.307213,0.317838
"mp-21575",0.282168,0.309239,0.322449
"mp-21604",0.321146,0.343867,0.375084
"mp-21801",0.282115,0.274519,0.233882
"mp-21872",0.754022,0.821165,0.835344
"mp-21949",0.375328,0.372017,0.30014
"mp-22147",0.249018,0.390878,0.217473
"mp-22192",0.660523,0.716282,0.705825
"mp-2231",0.276502,0.369488,0.294853
"mp-2242",0.300205,0.484873,0.297236
"mp-22569",0.809654,0.871737,0.771479
"mp-22574",0.245235,0.609551,0.263689
"mp-22630",0.400349,0.575099,0.44305
"mp-22841",0.259559,0.234163,0.248265
"mp-22882",0.203584,0.220136,0.24443
"mp-22888",0.279201,0.298212,0.3314
"mp-22889",0.27592,0.257626,0.265693
"mp-22982",0.232805,0.294618,0.234022
"mp-22996",0.123188,0.324281,0.159667
"mp-22997",0.252003,0.27562,0.216679
"mp-230",0.856628,0.688035,0.791011
"mp-23041",0.132618,0.375084,0.16465
"mp-23087",1.438108,1.536302,1.503211
"mp-23181",0.164217,0.15921,0.184149
"mp-2319",0.525811,0.592975,0.466085
"mp-23199",0.259067,0.254609,0.257069
"mp-23214",0.449044,0.485772,0.55341
"mp-23220",0.289486,0.239135,0.269976
"mp-23260",0.174727,0.162003,0.174381
"mp-23373",0.279612,0.250969,0.212426
"mp-23380",0.12864,0.13778,0.134435
"mp-23390",0.23704,0.297013,0.205142
"mp-23399",0.119788,0.153465,0.124597
"mp-23408",0.24881,0.329244,0.281974
"mp-23416",0.346683,0.404771,0.425663
"mp-23426",0.912805,0.987721,0.96527
"mp-23442",0.275533,0.346855,0.234709
"mp-23481",0.096306,0.122689,0.132353
"mp-23497",0.183178,0.193519,0.216925
"mp-23517",0.119474,0.173602,0.112555
"mp-23522",0.273633,0.259079,0.218535
"mp-23632",0.628772,0.610641,0.819494
"mp-23700",0.376024,0.862609,0.553371
"mp-23711",0.941716,0.891464,0.968253
"mp-23713",0.711594,0.688347,0.714477
"mp-23714",0.516407,0.493261,0.51493
"mp-23715",0.446451,0.424398,0.450271
"mp-23730",0.908815,0.939112,0.945231
"mp-23734",1.301141,1.066261,1.061078
"mp-23740",1.095882,1.279765,1.061386
"mp-23883",1.93837,1.311108,1.50387
"mp-23904",0.862866,0.524186,0.64204
"mp-23915",1.441849,1.355089,1.420444
"mp-24018",0.736571,0.740201,0.80409
"mp-2412",0.60379,0.432598,0.695843
"mp-2416",0.970984,0.920352,0.803942
"mp-24216",0.553239,0.528567,0.691841
"mp-24266",0.732419,0.78909,0.837354
"mp-24402",1.130008,1.170386,1.330183
"mp-24473",1.395696,1.412655,1.491495
"mp-2455",0.438823,0.494872,0.372536
"mp-24603",1.709298,1.39047,1.30657
"mp-24747",0.579611,0.643955,0.598068
"mp-24802",1.24437,1.124415,1.135792
"mp-2511",0.694979,0.739019,0.569684
"mp-2632",0.678518,0.710113,0.630801
"mp-27199",0.209457,0.20165,0.254712
"mp-27252",0.157486,0.192027,0.132179
"mp-27267",0.531812,0.5587,0.559784
"mp-27295",1.081901,1.160342,1.098085
"mp-27352",0.33149,0.37106,0.441356
"mp-27354",0.139881,0.169651,0.146312
"mp-27400",0.202868,0.25643,0.165623
"mp-27411",0.54339,0.255031,0.312076
"mp-27449",0.260886,0.163235,0.261974
"mp-27451",0.168588,0.186118,0.173002
"mp-27456",0.219247,0.210958,0.225896
"mp-27499",0.288356,0.293878,0.28025
"mp-27522",0.963213,0.831673,0.756683
"mp-27537",0.506612,0.584942,0.81522
"mp-27703",0.571404,0.481579,0.181017
"mp-277",0.916463,1.207785,1.083458
"mp-27742",0.357447,0.392231,0.48225
"mp-27805",0.265872,0.299525,0.277467
"mp-27865",0.455223,0.430662,0.46337
"mp-27899",0.248567,0.313221,0.251479
"mp-27931",0.288188,0.335652,0.198917
"mp-28007",0.225702,0.192714,0.204416
"mp-28108",0.193389,0.189221,0.176949
"mp-28127",0.304221,0.413848,0.376026
"mp-28134",0.240924,0.261878,0.276675
"mp-28218",0.228951,0.28298,0.194956
"mp-28219",0.183549,0.230055,0.154178
"mp-28275",0.210922,0.311333,0.210114
"mp-28276",0.17994,0.260641,0.180891
"mp-28277",0.132622,0.188325,0.131803
"mp-28316",0.268936,0.327777,0.254133
"mp-28324",0.217762,0.259199,0.297067
"mp-2833",0.369102,0.532708,0.320554
"mp-28353",0.224859,0.180411,0.23248
"mp-28364",0.288751,0.314665,0.398645
"mp-28383",0.347366,0.373651,0.382689
"mp-28384",0.214855,0.217765,0.173627
"mp-28392",0.218314,0.222466,0.22411
"mp-28420",1.039258,0.689882,0.79288
"mp-28458",0.249126,0.237766,0.108072
"mp-28460",0.431463,0.145061,0.422206
"mp-28471",0.404544,0.510331,0.574325
"mp-28558",0.294687,0.292195,0.219144
"mp-28584",0.13549,0.103211,0.109907
"mp-28595",0.243791,0.259403,0.278943
"mp-28597",0.153513,0.174276,0.170784
"mp-28603",0.297424,0.313866,0.329599
"mp-28663",1.271303,1.410628,1.263598
"mp-28695",0.557915,0.590232,0.376362
"mp-28727",0.367115,0.332902,0.302714
"mp-28728",0.223433,0.177255,0.161953
"mp-28741",0.300928,0.130575,0.27926
"mp-28760",0.23013,0.241276,0.266205
"mp-2878",1.160395,1.230385,1.225621
"mp-2879",0.792492,0.89459,0.863467
"mp-28823",0.25933,0.238752,0.246737
"mp-28829",0.254364,0.277419,0.30905
"mp-28830",0.182271,0.201704,0.255436
"mp-28851",0.228584,0.246059,0.252823
"mp-28853",0.377497,0.540902,0.695039
"mp-28856",0.280647,0.259551,0.239698
"mp-28874",0.251523,0.201146,0.257827
"mp-28877",0.126865,0.12819,0.184126
"mp-2892",0.644113,0.817096,0.638327
"mp-2895",0.936602,1.220815,1.288276
"mp-28970",0.24899,0.316949,0.526994
"mp-28994",0.39228,0.305763,0.181154
"mp-29001",0.204269,0.230157,0.259546
"mp-29035",0.355441,0.46525,0.382529
"mp-29036",0.32786,0.416612,0.337361
"mp-29070",0.24096,0.242287,0.20895
"mp-29102",0.171033,0.169634,0.180288
"mp-29107",0.126156,0.153056,0.115661
"mp-29197",0.255425,0.218868,0.224986
"mp-29212",0.107915,0.13031,0.142095
"mp-29238",0.151086,0.24123,0.207045
"mp-29249",0.317178,0.324742,0.205217
"mp-29288",0.159038,0.246503,0.155849
"mp-29312",0.1354,0.132194,0.113078
"mp-29344",0.343226,0.365886,0.366968
"mp-29371",0.170544,0.098155,0.146979
"mp-29372",0.131993,0.078004,0.164853
"mp-29377",0.229999,0.220811,0.201149
"mp-29380",0.113844,0.171793,0.1566
"mp-29381",0.196998,0.170998,0.184117
"mp-29395",0.125332,0.123981,0.119149
"mp-29411",0.46908,0.188698,0.567575
"mp-29424",0.276916,0.252467,0.300534
"mp-29432",0.292252,0.369381,0.437612
"mp-29454",0.433121,0.470921,0.342348
"mp-29460",0.183206,0.16664,0.192714
"mp-29476",0.340418,0.370644,0.214198
"mp-29483",0.238222,0.311678,0.170363
"mp-2955",0.996323,1.027659,1.047883
"mp-29594",0.811896,0.633415,0.748029
"mp-29605",0.760652,0.84901,0.704612
"mp-29693",0.17347,0.2051,0.163894
"mp-29705",0.197677,0.200213,0.222353
"mp-2979",0.701782,0.704868,0.72768
"mp-29792",0.809727,0.451688,0.814752
"mp-29820",0.999346,0.964593,0.947848
"mp-29883",0.177692,0.223458,0.196564
"mp-29898",0.275203,0.167071,0.176686
"mp-29920",0.15179,0.166915,0.135288
"mp-29924",0.458843,0.311935,0.458009
"mp-30077",0.191471,0.098733,0.160732
"mp-3009",0.408483,0.408711,0.371525
"mp-30107",0.439646,0.330383,0.214965
"mp-30133",0.189064,0.286218,0.277612
"mp-30156",1.416584,1.447109,1.274411
"mp-30249",0.482931,0.530554,0.553853
"mp-30456",0.135003,0.140659,0.134461
"mp-3051",0.761634,1.019738,0.963281
"mp-3075",0.263503,0.288232,0.18391
"mp-3081",1.533078,1.754138,1.637018
"mp-30949",0.372326,0.388724,0.405889
"mp-3102",0.236408,0.519586,0.249948
"mp-31086",0.625286,0.63868,0.377639
"mp-31097",0.750153,0.733104,0.683469
"mp-31117",0.886157,0.904968,0.964654
"mp-31118",0.894595,0.910439,0.958936
"mp-31119",0.911366,0.942089,0.954466
"mp-31120",0.916819,0.957698,0.953012
"mp-31121",0.924663,0.979336,0.954817
"mp-3123",0.181228,0.544891,0.594069
"mp-31275",0.289798,0.386742,0.188645
"mp-31287",0.151396,0.151546,0.166277
"mp-31304",0.193845,0.163085,0.253849
"mp-31305",0.186685,0.155963,0.244366
"mp-31307",0.232664,0.204646,0.214542
"mp-31313",0.217134,0.231107,0.190944
"mp-31318",0.682538,0.689554,0.670857
"mp-31356",0.531811,0.493746,0.53342
"mp-31468",0.78835,1.049119,0.791181
"mp-3196",0.936956,1.024458,1.023372
"mp-3261",1.275067,1.481883,1.336035
"mp-32684",0.218472,0.501353,0.066755
"mp-3317",0.671289,0.633982,0.559948
"mp-3318",0.589155,0.695128,0.820343
"mp-3338",0.778222,0.848857,0.873268
"mp-3361",0.642757,0.643762,0.675676
"mp-3372",0.494328,0.488218,0.449698
"mp-3374",0.602069,0.421903,0.588817
"mp-3378",0.938511,1.011965,1.034285
"mp-3417",1.272741,1.709731,0.458777
"mp-3446",0.679521,0.858184,0.675398
"mp-3647",0.433611,0.435317,0.450963
"mp-3660",1.269993,1.602106,1.652242
"mp-3677",1.36432,1.429043,1.449823
"mp-3792",1.127531,1.176368,1.227518
"mp-3795",0.912641,1.002696,0.924994
"mp-3797",0.284401,0.304637,0.250625
"mp-3822",0.386655,0.916038,0.838657
"mp-3838",0.709212,0.798786,0.734081
"mp-3872",0.582154,0.690648,0.735805
"mp-3917",0.484279,0.617399,0.657726
"mp-3934",0.377632,0.360111,0.399352
"mp-3952",0.69326,0.918376,0.682649
"mp-4019",2.124903,2.206044,2.196578
"mp-402",0.290002,0.273877,0.328625
"mp-4044",0.231359,0.274738,0.31674
"mp-4056",1.134258,1.492565,1.165854
"mp-41109",0.753616,0.699325,0.736948
"mp-4160",0.178894,0.184251,0.165836
"mp-4192",0.53791,0.565425,0.570257
"mp-4279",0.770554,1.151998,1.105657
"mp-4309",0.366364,0.343195,0.330701
"mp-438",0.322936,0.36271,0.316412
"mp-4387",1.057109,1.181412,1.150614
"mp-4425",0.232937,0.220374,0.412717
"mp-4434",1.001185,1.035811,1.074671
"mp-4438",0.913687,1.053836,0.969093
"mp-4468",0.284726,0.374231,0.273584
"mp-4471",1.451172,1.457786,1.558515
"mp-4473",0.223275,0.28636,0.300281
"mp-4481",0.735469,0.85283,0.999696
"mp-4535",0.955564,1.031151,1.036869
"mp-4575",0.992261,1.081575,1.005635
"mp-4582",0.65755,0.623695,0.559095
"mp-4627",0.525762,0.502407,0.539926
"mp-4657",1.000322,0.967022,0.920565
"mp-473",0.309516,0.389268,0.348931
"mp-4747",0.812563,0.799853,0.99071
"mp-4753",1.248541,1.615335,1.549822
"mp-4789",0.651055,0.620566,0.564938
"mp-4891",0.992028,1.023457,1.060639
"mp-4934",1.411021,1.893231,1.540878
"mp-4959",1.010204,1.233224,1.0746
"mp-4967",1.075719,1.086309,1.059915
"mp-4995",0.866513,0.752243,0.908522
"mp-5005",1.325433,0.985742,1.208215
"mp-5013",0.321595,0.318517,0.298133
"mp-5014",0.243589,0.466641,0.324006
"mp-5026",1.19508,1.254511,1.594661
"mp-504539",0.740128,0.985201,0.701743
"mp-504851",0.38801,0.373203,0.437327
"mp-504898",0.301127,0.293195,0.478408
"mp-504935",0.561376,0.374893,0.368264
"mp-504948",0.988761,1.107006,0.912962
"mp-505001",0.153692,0.169765,0.133705
"mp-505089",0.585387,0.57815,0.600981
"mp-505121",0.267654,0.220616,0.211679
"mp-505222",0.228225,0.269575,0.185591
"mp-505284",0.177091,0.350372,0.188021
"mp-505322",0.150115,0.146363,0.188884
"mp-505362",0.299385,0.384319,0.290637
"mp-505464",0.225638,0.176582,0.157074
"mp-505496",1.198678,1.340375,1.198648
"mp-510279",0.667447,0.631563,0.589625
"mp-510341",0.113062,0.113643,0.182753
"mp-510346",0.294778,0.256501,0.219378
"mp-5163",0.648967,0.625165,0.594716
"mp-5185",0.569666,0.584851,0.529983
"mp-530262",1.222638,1.175707,1.175256
"mp-530709",0.176406,0.153679,0.151581
"mp-531064",0.199264,0.171501,0.168528
"mp-531523",1.011952,0.910105,1.076055
"mp-540578",0.186677,0.177097,0.165592
"mp-540686",0.61813,0.436189,0.659452
"mp-540688",0.651963,0.7861,0.666406
"mp-540695",0.184428,0.198656,0.179022
"mp-540703",0.159898,0.157824,0.177654
"mp-540773",0.395584,0.451281,0.553452
"mp-540839",0.120566,0.167536,0.106804
"mp-540877",0.34929,0.371066,0.4012
"mp-540881",0.129153,0.130011,0.113911
"mp-540945",0.762603,0.744517,0.851752
"mp-541280",0.69852,0.701884,0.701339
"mp-541281",0.694306,0.679893,0.70792
"mp-541430",0.251704,0.303832,0.213639
"mp-541431",1.020412,0.895227,0.86625
"mp-541459",0.66003,0.66468,0.717461
"mp-541568",0.681974,0.583194,0.716521
"mp-541569",0.602775,0.539659,0.644081
"mp-541694",0.393344,0.291292,0.396077
"mp-542802",0.31196,0.383858,0.216898
"mp-542826",0.30568,0.404538,0.339556
"mp-550172",0.856456,0.825035,1.053975
"mp-553907",0.318775,0.319142,0.220243
"mp-5540",1.587746,1.569998,1.492372
"mp-554105",0.278652,0.247029,0.275667
"mp-554120",0.360426,0.285294,0.276999
"mp-554191",0.445848,0.519716,0.938753
"mp-554264",0.307407,0.325365,0.336016
"mp-554282",1.591891,0.709576,1.382395
"mp-554359",0.766014,0.644933,0.83158
"mp-554383",1.185391,0.845732,1.115234
"mp-554390",1.100169,1.233968,1.231789
"mp-554796",0.315436,0.498995,0.456047
"mp-554856",1.26295,0.865514,1.236729
"mp-555018",0.343191,0.376277,0.356963
"mp-555044",0.275889,0.355183,0.284072
"mp-555076",0.456108,0.48414,0.501519
"mp-555089",0.989823,0.968473,0.960781
"mp-555387",1.123226,1.299546,1.162637
"mp-555487",0.791713,0.88416,0.948397
"mp-555495",0.496756,0.723288,0.804098
"mp-555585",0.484719,0.4842,0.491311
"mp-555742",0.873005,0.874868,0.926163
"mp-555904",0.598625,0.619932,0.530993
"mp-555976",1.278069,1.012452,0.988527
"mp-5560",0.771296,0.559013,0.712121
"mp-556020",1.083764,1.241477,1.329009
"mp-556075",0.67463,0.861558,0.683423
"mp-556125",1.515851,0.690223,0.938579
"mp-556347",0.252096,0.263257,0.244688
"mp-556393",1.367108,1.420559,0.991597
"mp-556605",1.181955,1.224672,1.375177
"mp-556714",0.368522,0.28374,0.31848
"mp-556771",0.840769,0.871099,0.900315
"mp-556814",0.782755,0.76817,0.747523
"mp-556841",0.323419,0.330163,0.312779
"mp-556855",0.312622,0.338246,0.19994
"mp-556872",0.707052,0.638799,0.332261
"mp-556892",0.779798,0.822067,0.676631
"mp-556974",1.467384,1.545861,1.398418
"mp-556978",0.47855,0.486666,0.547694
"mp-556979",0.274063,0.257226,0.173311
"mp-556986",0.573166,0.696593,0.564892
"mp-557154",0.839405,0.800471,0.937808
"mp-557181",0.704934,0.696519,0.690815
"mp-557293",0.768961,0.892142,0.825168
"mp-557311",0.716897,0.693435,0.645718
"mp-557384",1.04344,0.807883,0.459795
"mp-557467",1.300638,1.118246,0.813029
"mp-557672",0.322114,0.26228,0.300413
"mp-557798",0.542343,0.527122,0.564038
"mp-557803",1.58917,1.235504,1.223629
"mp-557807",0.301915,0.213183,0.307118
"mp-557844",1.014154,1.059626,1.013939
"mp-557955",1.106973,0.993532,1.033608
"mp-558085",0.714317,0.667372,0.59999
"mp-558160",1.084656,0.627688,0.808197
"mp-558170",0.45701,0.440889,0.458071
"mp-558188",0.338409,0.348099,0.544446
"mp-558332",0.192677,0.211734,0.171243
"mp-558362",0.662758,0.837934,0.824487
"mp-558458",1.115347,1.142002,1.128327
"mp-558534",1.574845,0.707859,1.355638
"mp-558536",0.184506,0.201352,0.181826
"mp-558642",0.375688,0.407781,0.264719
"mp-5587",0.253327,0.267873,0.241863
"mp-558760",0.32126,0.513438,0.321156
"mp-558807",0.326408,0.341182,0.335193
"mp-558938",0.78401,0.680101,0.794162
"mp-558977",0.327585,0.330651,0.316084
"mp-559067",0.371167,0.402511,0.386393
"mp-559171",0.308285,0.328521,0.340944
"mp-559186",0.256798,0.82669,0.482541
"mp-559224",0.716375,0.653784,0.655199
"mp-559287",0.36449,0.288306,0.27703
"mp-559356",0.209337,0.186,0.190879
"mp-559384",0.648478,0.742336,0.699931
"mp-559385",0.676056,0.864377,0.679188
"mp-559434",1.280556,0.66115,1.857483
"mp-559653",0.927469,0.984488,0.562362
"mp-559689",1.303288,1.078089,1.217379
"mp-559711",0.566023,0.457253,0.508518
"mp-559756",0.884193,0.906377,0.970244
"mp-559814",0.304362,0.32484,0.321162
"mp-559826",0.347965,0.285372,0.274368
"mp-559934",0.818573,0.845098,0.785979
"mp-559984",0.182267,0.187353,0.182636
"mp-560026",1.054968,1.227673,1.32477
"mp-560046",0.238594,0.219815,0.468593
"mp-560278",1.569694,0.706642,1.346323
"mp-560334",1.186953,1.218932,1.246935
"mp-560445",0.66976,0.858152,0.675129
"mp-560534",0.309022,0.33028,0.343794
"mp-560591",1.242753,1.157824,2.055422
"mp-560595",0.621806,0.736861,0.647722
"mp-560611",0.352917,0.285177,0.275465
"mp-560616",0.871674,0.814277,0.576813
"mp-560635",0.188443,0.215797,0.171847
"mp-560647",0.616985,0.772992,0.806368
"mp-560670",0.881648,0.867432,0.839876
"mp-560739",0.521857,0.854249,0.751806
"mp-560798",0.307974,0.326933,0.338338
"mp-560818",0.670375,0.652563,0.817335
"mp-560872",1.157839,1.135562,1.191563
"mp-5611",0.514348,0.629048,0.662135
"mp-5614",0.443629,0.538859,0.530242
"mp-561437",1.235504,1.288959,1.144971
"mp-561635",0.297654,0.285698,0.209979
"mp-561877",0.777457,0.771871,0.700397
"mp-562442",0.329846,0.336841,0.29787
"mp-5637",0.585648,0.681631,0.625366
"mp-567224",1.016013,1.090258,1.255162
"mp-567391",0.248175,0.332554,0.243731
"mp-567398",0.53459,0.696784,0.525473
"mp-567524",0.339293,0.185574,0.305323
"mp-567714",0.153486,0.190033,0.147245
"mp-567983",0.244711,0.300069,0.189457
"mp-568284",0.147878,0.158334,0.177964
"mp-568293",0.819031,0.844468,0.807807
"mp-568436",0.533498,0.540762,0.485322
"mp-568441",1.519663,0.989085,1.295271
"mp-568450",0.632999,0.641405,0.728821
"mp-568525",0.261799,0.277156,0.270069
"mp-568545",0.210505,0.205241,0.210349
"mp-568759",0.152174,0.172969,0.275899
"mp-568796",0.12356,0.160296,0.106241
"mp-568965",1.275528,1.189217,1.426735
"mp-569051",0.891248,0.941379,0.968396
"mp-569052",0.231525,0.097583,0.216304
"mp-5692",0.694724,0.657048,0.575904
"mp-569427",0.141749,0.160446,0.157681
"mp-569531",0.195879,0.199503,0.173677
"mp-569580",0.148504,0.168592,0.292158
"mp-569754",0.211868,0.229256,0.188228
"mp-569764",0.115822,0.198087,0.198197
"mp-569943",0.11663,0.140001,0.114369
"mp-569952",0.268331,0.298142,0.252807
"mp-569967",0.251845,0.338068,0.247477
"mp-570061",0.322165,0.283071,0.289561
"mp-5704",0.203506,0.195747,0.17993
"mp-570431",0.159273,0.090229,0.17197
"mp-570548",0.149881,0.17036,0.271988
"mp-570555",0.838165,0.842786,0.760554
"mp-570566",0.140355,0.135644,0.154648
"mp-570590",0.271176,0.30614,0.243421
"mp-570622",0.273045,0.273145,0.274051
"mp-570623",0.224861,0.379472,0.243306
"mp-570645",1.200225,1.300508,1.195627
"mp-570646",0.226936,0.384873,0.24544
"mp-570817",0.234312,0.248334,0.348013
"mp-570836",0.20619,0.219019,0.167247
"mp-570983",0.270785,0.272215,0.273245
"mp-571020",0.405383,0.374621,0.361348
"mp-571232",0.21311,0.239075,0.226281
"mp-571418",0.214985,0.221129,0.216216
"mp-571440",0.200019,0.215714,0.174912
"mp-571470",0.234942,0.280508,0.229241
"mp-571473",0.199746,0.257172,0.259328
"mp-572291",0.369784,0.396013,0.389635
"mp-572510",0.405884,0.412771,0.293721
"mp-573635",0.237607,0.214103,0.210993
"mp-573763",0.12579,0.114521,0.135432
"mp-581639",0.739285,1.012469,0.888627
"mp-582146",0.424544,0.32562,0.208173
"mp-583071",0.836859,0.893902,1.024991
"mp-583193",0.157491,0.178172,0.148148
"mp-5838",0.339062,0.359459,0.276738
"mp-5854",0.796815,0.732387,0.809314
"mp-5874",0.13787,0.21954,0.174503
"mp-5900",0.488096,0.612095,0.624562
"mp-5926",0.751086,0.827282,0.805501
"mp-5970",0.263898,0.307604,0.301377
"mp-5996",1.249754,1.360696,1.001226
"mp-601257",0.245597,0.299971,0.189411
"mp-601286",0.247347,0.300173,0.189121
"mp-6032",1.237746,1.34411,1.271174
"mp-6055",0.525557,0.548564,0.454121
"mp-6057",0.355588,0.313311,0.339034
"mp-605821",0.242507,0.452856,0.312224
"mp-608106",0.214406,0.286558,0.243319
"mp-6105",0.715934,0.467361,0.821306
"mp-6113",1.060006,1.254187,1.056612
"mp-6121",0.834343,0.96492,0.778239
"mp-613620",0.721246,0.597813,0.69075
"mp-614491",0.178908,0.184294,0.165864
"mp-614572",0.379507,0.388039,0.358088
"mp-616026",0.258497,0.295306,0.262517
"mp-616327",0.149541,0.197119,0.146514
"mp-616461",0.271227,0.309694,0.372116
"mp-619279",0.377347,0.405219,0.354218
"mp-620346",0.183177,0.232283,0.193661
"mp-620372",0.232468,0.155649,0.155544
"mp-6224",1.185459,1.155209,1.10245
"mp-623058",0.379098,0.556885,0.337368
"mp-6236",1.289364,1.276712,1.256194
"mp-6244",0.244714,0.300329,0.189397
"mp-6250",0.753266,0.886148,0.699725
"mp-625404",1.522116,1.757004,1.313999
"mp-6268",0.921155,0.944453,1.06244
"mp-6280",1.446197,1.52112,1.418867
"mp-628647",0.253118,0.253516,0.274748
"mp-629430",0.789217,0.624171,0.777656
"mp-6356",0.264623,0.26439,0.267711
"mp-6383",1.147405,1.174742,1.090926
"mp-640053",0.20888,0.226605,0.207138
"mp-640324",0.244236,0.302491,0.191006
"mp-641010",0.219206,0.402978,0.237313
"mp-6419",1.378318,1.423559,1.377261
"mp-643069",0.279913,0.55929,0.280669
"mp-643384",0.210541,0.2454,0.182423
"mp-643385",0.255021,0.311664,0.202478
"mp-643727",0.222045,0.330042,0.23084
"mp-644097",0.643405,0.643743,0.726818
"mp-644236",0.338438,0.339915,0.277413
"mp-6449",0.374324,0.321045,0.351625
"mp-645172",0.210673,0.197804,0.192842
"mp-6452",0.71666,0.897309,0.664036
"mp-645338",1.234401,1.452066,1.320725
"mp-645340",1.21589,1.439792,1.317703
"mp-6456",0.958739,1.150995,0.968528
"mp-646920",0.125985,0.141921,0.122446
"mp-648932",0.541607,0.278986,0.31497
"mp-6493",0.814259,0.985475,1.066449
"mp-6495",0.745355,0.881962,0.692659
"mp-6501",0.740547,0.883937,0.689462
"mp-650840",0.354688,0.342666,0.150303
"mp-651121",0.097737,0.084609,0.099181
"mp-653559",0.19835,0.271208,0.217146
"mp-654129",0.199785,0.318351,0.215608
"mp-654956",0.836748,0.893804,1.024907
"mp-6557",0.375471,0.449099,0.407921
"mp-6639",0.601388,0.629465,0.632583
"mp-6643",0.733555,0.883088,0.681854
"mp-667286",0.206073,0.2146,0.203904
"mp-667369",1.329781,1.235421,1.229886
"mp-6684",0.655246,0.72,0.723774
"mp-669528",0.757838,0.569313,0.740679
"mp-6712",0.608858,0.65719,0.564435
"mp-675601",1.672366,1.660963,1.744095
"mp-676038",0.483282,0.445694,0.420341
"mp-6765",0.905675,1.149128,1.305545
"mp-677703",0.824167,0.822137,0.841415
"mp-680713",1.281287,1.488967,1.339239
"mp-680717",1.293865,1.499816,1.345741
"mp-680718",1.286221,1.492559,1.341446
"mp-6812",0.550839,0.577675,0.519631
"mp-683867",1.261307,1.472375,1.330904
"mp-684022",0.270805,0.224094,0.18581
"mp-685097",1.019614,1.043849,1.040581
"mp-691",0.213591,0.311703,0.264102
"mp-6955",0.574354,0.547221,0.730738
"mp-695890",1.327214,1.319483,1.330606
"mp-695998",0.449282,0.456501,0.408194
"mp-696983",0.580189,0.536208,0.522656
"mp-697084",0.175879,0.257651,0.183585
"mp-697146",0.630992,0.689783,0.588548
"mp-697575",0.332617,0.340006,0.304705
"mp-699219",0.820536,1.00069,0.856684
"mp-699390",0.816207,0.814005,0.834751
"mp-699457",0.670984,0.746882,0.642794
"mp-700",0.246263,0.400669,0.275493
"mp-707218",0.476516,0.509492,0.457205
"mp-707836",0.515519,0.582737,0.542204
"mp-7084",0.275882,0.296776,0.302971
"mp-7117",0.359796,0.344881,0.347713
"mp-7137",0.785239,0.952567,0.724096
"mp-7205",0.799964,0.848555,0.839154
"mp-7214",0.547784,0.502595,0.549717
"mp-7238",0.486475,1.046271,1.031857
"mp-7280",0.208233,0.622301,0.675611
"mp-735022",1.134638,0.736643,0.742273
"mp-7384",0.761417,0.744978,0.672257
"mp-7405",1.066542,1.065598,1.115723
"mp-741045",0.969996,0.914086,0.958286
"mp-7444",0.166306,0.118237,0.127774
"mp-7475",0.333439,0.367401,0.33315
"mp-752410",0.402269,0.428981,0.525607
"mp-752414",0.749323,0.969504,0.817904
"mp-752418",0.240587,0.382612,0.311091
"mp-752437",0.79358,0.924791,0.828876
"mp-752442",0.653243,0.809937,0.635937
"mp-752484",1.631883,1.647194,1.591751
"mp-752526",0.697963,0.720468,0.677394
"mp-752579",0.761216,0.968377,0.830042
"mp-752656",0.668162,0.83582,0.680643
"mp-753160",0.671585,0.856328,0.650418
"mp-7535",1.332497,1.431267,1.237107
"mp-753520",0.43424,0.41436,0.423085
"mp-753737",0.499194,0.505847,0.497191
"mp-753826",0.369938,0.552948,0.55056
"mp-754140",0.563331,0.820841,0.732082
"mp-754225",1.652553,1.688898,1.696825
"mp-754410",0.747122,0.981953,0.724096
"mp-754414",0.70668,0.861191,0.696641
"mp-754578",0.92209,1.015736,0.959563
"mp-754599",0.653287,0.814308,0.635276
"mp-754658",0.8136,0.651335,0.763644
"mp-754853",0.950256,1.035458,1.02027
"mp-754885",0.181256,0.188224,0.180935
"mp-755072",0.70006,0.688804,0.848387
"mp-755138",0.772928,0.886818,0.826942
"mp-755165",1.063804,1.14566,1.141741
"mp-755184",0.226327,0.384438,0.313096
"mp-755363",0.306534,0.314242,0.32499
"mp-755405",0.738319,0.852,0.705723
"mp-755416",0.921134,1.012219,0.970944
"mp-755428",0.217712,0.340291,0.18268
"mp-755574",0.990535,1.008767,1.043956
"mp-755597",0.845379,0.824671,0.882951
"mp-755612",0.920014,1.012256,0.976357
"mp-755642",0.509165,0.49578,0.602926
"mp-755738",0.41936,0.424721,0.386139
"mp-755759",1.224261,1.444192,1.274465
"mp-755802",0.490816,0.504975,1.083869
"mp-755950",0.768124,0.764362,0.77213
"mp-756044",0.748957,0.736396,0.87648
"mp-756205",0.998452,1.027846,1.071216
"mp-756281",0.988023,1.014198,1.05006
"mp-756290",0.920594,1.014693,0.983734
"mp-756316",0.421425,0.362534,0.417143
"mp-756458",0.98918,1.018823,1.054684
"mp-756624",0.195046,0.195348,0.19825
"mp-756630",0.995102,1.028666,1.066333
"mp-756798",0.186376,0.194561,0.182643
"mp-757145",0.405217,0.603265,0.508348
"mp-757878",0.647706,0.672183,0.636912
"mp-758597",1.111691,0.956612,0.930763
"mp-7652",0.447359,0.450168,0.419559
"mp-766173",0.837684,0.369269,0.833223
"mp-766",0.551485,0.579708,0.447567
"mp-766352",0.181232,0.207346,0.183372
"mp-766467",0.335649,0.703418,0.447709
"mp-766540",0.49746,0.540396,0.623223
"mp-766596",1.501107,1.113709,1.195724
"mp-768313",0.691007,0.707434,0.67307
"mp-768342",0.697341,0.40435,0.692035
"mp-768762",0.691563,0.708956,0.675711
"mp-7688",0.760468,0.558347,0.662154
"mp-768865",0.704747,0.977466,0.783395
"mp-769176",0.470291,0.434512,0.409144
"mp-769301",0.899073,0.918538,0.812606
"mp-769368",0.299389,0.290511,0.253558
"mp-769763",1.18384,1.233783,1.066485
"mp-770379",0.69467,0.970437,0.768941
"mp-770771",0.912887,1.270851,0.96738
"mp-770936",0.762258,0.742917,0.704079
"mp-771031",0.78032,0.976093,0.845176
"mp-771248",0.776306,0.608243,0.711152
"mp-772813",0.980633,0.563005,0.842855
"mp-772820",0.671287,0.850257,0.673698
"mp-772833",0.724198,0.916756,0.77017
"mp-772900",0.685457,0.694277,0.671302
"mp-772910",0.695064,0.296395,0.788665
"mp-774557",0.691506,0.709982,0.674809
"mp-774753",0.948181,0.995925,1.095606
"mp-7756",0.18365,0.19698,0.181521
"mp-775757",1.060025,0.987618,0.962935
"mp-776404",1.268025,1.179959,1.186421
"mp-776470",0.757969,1.01555,0.910497
"mp-776490",1.946297,1.444665,1.978303
"mp-776890",0.342435,0.330161,0.334041
"mp-7781",0.696913,0.634675,0.633649
"mp-778877",0.794435,0.762401,0.79444
"mp-778924",0.757203,0.866784,0.719411
"mp-778950",0.34982,0.345531,0.332713
"mp-779156",0.642085,0.69971,0.564141
"mp-7792",0.581522,0.5744,0.545377
"mp-7798",0.950776,0.933644,1.056146
"mp-780172",0.693783,0.713188,0.675971
"mp-780258",0.547114,0.518323,0.5076
"mp-780387",0.801087,0.891238,0.864888
"mp-780396",0.18581,0.193529,0.187783
"mp-781712",0.391179,0.529384,0.348083
"mp-7899",0.55619,0.501491,0.567638
"mp-7913",1.649095,1.608476,1.676417
"mp-7951",0.278817,0.256802,0.271066
"mp-8056",1.305745,0.728397,1.70291
"mp-8216",0.500739,0.968371,1.02426
"mp-8258",0.482003,0.474125,0.467685
"mp-8263",0.85151,0.585297,0.780402
"mp-8341",0.672315,0.699754,0.764588
"mp-8360",0.143759,0.172775,0.126492
"mp-8376",1.032962,1.489601,1.621144
"mp-849371",0.81928,0.881488,0.81762
"mp-861504",0.478639,1.003509,1.016578
"mp-862729",0.22987,0.323638,0.263048
"mp-862754",0.312492,0.406863,0.406244
"mp-864603",0.438527,0.409714,0.443996
"mp-865865",0.293579,0.350689,0.263551
"mp-866301",0.163298,0.49285,0.276907
"mp-866306",0.283553,0.342428,0.281767
"mp-866314",0.906819,1.106833,1.017494
"mp-866503",0.348746,0.407235,0.430848
"mp-867286",0.335746,0.444513,0.410648
"mp-8673",0.735019,0.868476,0.86684
"mp-8725",0.260155,0.414332,0.225846
"mp-8754",0.189784,0.199841,0.214994
"mp-8755",0.159026,0.172221,0.188973
"mp-8840",0.571073,0.588876,0.548842
"mp-8850",0.327074,0.371708,0.323589
"mp-8863",0.433206,0.374133,0.418447
"mp-8870",0.875587,0.951007,0.876011
"mp-8872",0.737851,0.485831,0.687768
"mp-8892",0.734898,0.607876,0.718056
"mp-8898",1.243005,1.15808,1.261702
"mp-8956",0.331084,0.336821,0.33502
"mp-8985",0.653572,0.51577,0.666917
"mp-9008",0.195449,0.065434,0.192056
"mp-9066",1.050976,0.804348,0.888787
"mp-9160",0.628848,0.449182,0.607874
"mp-9167",0.540907,0.491561,0.903771
"mp-9186",0.432803,0.735387,0.695442
"mp-9197",0.973736,0.888759,1.044615
"mp-9212",1.112383,1.201121,1.127368
"mp-9228",0.462274,0.602671,0.463159
"mp-9270",0.311679,0.296608,0.310425
"mp-9308",1.001993,1.107655,0.959801
"mp-9323",0.33073,0.336244,0.331886
"mp-9332",0.771158,0.816575,0.826061
"mp-9371",0.778422,0.774692,0.700085
"mp-9475",0.419215,0.878003,0.59801
"mp-9607",0.779368,0.979293,0.82563
"mp-9625",1.076442,1.128005,1.043259
"mp-9628",0.618579,0.725052,0.655591
"mp-9711",0.983033,1.124623,0.987422
"mp-972448",0.33074,0.433628,0.411589
"mp-974682",0.306201,0.424666,0.372012
"mp-9747",1.516608,1.53026,1.444836
"mp-976349",0.414391,0.637174,0.536134
"mp-976726",0.789338,0.950317,0.724109
"mp-9770",0.311037,0.303674,0.335636
"mp-977414",0.408845,0.367723,0.405207
"mp-978553",0.312824,0.249471,0.521343
"mp-979340",0.516221,0.501917,0.565818
"mp-980666",0.26773,0.369597,0.29544
"mp-983589",0.653062,0.487221,0.629608
"mp-984052",0.263679,0.326737,0.285172
"mp-985293",1.214034,1.351993,1.51301
"mp-985782",1.3509,4.551401,1.327451
"mp-10155",0.431378,0.478134,0.439587
"mp-10288",0.215643,0.292752,0.233866
"mp-10349",0.907355,0.829899,0.860285
"mp-10487",0.132915,0.172771,0.125295
"mp-10495",0.294686,0.356568,0.29598
"mp-10517",1.141976,1.030321,1.068499
"mp-10552",0.171291,0.176681,0.297985
"mp-10555",0.429434,0.469233,0.447861
"mp-10556",0.515986,0.572471,0.468601
"mp-10620",0.825574,0.829685,1.012403
"mp-10771",0.347562,0.372225,0.369111
"mp-10814",0.58066,0.831676,0.883733
"mp-10914",0.356373,0.385241,0.370161
"mp-11006",0.322482,0.267369,0.355432
"mp-11007",0.304688,0.313994,0.274711
"mp-11008",0.241683,0.216912,0.271531
"mp-11115",0.265338,0.327352,0.215045
"mp-11189",1.313807,1.279005,1.221551
"mp-1154",0.511899,0.388943,0.702853
"mp-11634",0.263932,0.243953,0.186295
"mp-11643",0.323175,0.245576,0.174791
"mp-11790",0.267343,0.331007,0.270662
"mp-11792",0.274462,0.345457,0.273441
"mp-11793",0.275277,0.340362,0.272182
"mp-11902",0.220198,0.22698,0.24852
"mp-1195",0.320157,0.276228,0.289419
"mp-11982",0.705192,0.652121,0.668738
"mp-12011",0.333963,0.289258,0.211291
"mp-12012",0.262362,0.242059,0.186784
"mp-12181",0.276751,0.208812,0.245206
"mp-12337",0.597883,0.581609,0.564252
"mp-12448",0.59521,0.60575,0.565733
"mp-12449",0.606322,0.580168,0.574776
"mp-12450",0.605034,0.58941,0.566232
"mp-12451",0.656393,0.614373,0.594481
"mp-1247",0.318317,0.353445,0.298183
"mp-12878",0.80776,0.735077,0.755591
"mp-12984",0.277226,0.33592,0.273303
"mp-13538",0.268281,0.254297,0.193187
"mp-13568",0.304792,0.354544,0.357515
"mp-1392",0.441499,0.433707,0.528682
"mp-13923",0.426225,0.381961,0.431495
"mp-14285",0.790931,0.855188,0.718024
"mp-14328",0.770032,0.714336,0.763773
"mp-14447",0.21624,0.229441,0.244067
"mp-14551",0.681086,0.632793,0.684436
"mp-14552",0.633234,0.562526,0.598461
"mp-14630",0.996739,0.996473,1.022071
"mp-14854",0.744535,1.040176,1.039747
"mp-15415",0.21932,0.277426,0.152274
"mp-15416",0.185438,0.232508,0.14001
"mp-15417",0.269089,0.36162,0.199806
"mp-15431",0.345807,0.318125,0.276004
"mp-15432",0.327393,0.277044,0.223901
"mp-15433",0.244574,0.187949,0.169164
"mp-15649",0.381258,0.413162,0.377245
"mp-16164",0.856203,0.863352,0.857384
"mp-16165",0.861916,0.873608,0.862748
"mp-16402",0.347991,0.370552,0.369191
"mp-16543",0.282388,0.303936,0.284889
"mp-16605",0.950034,0.836705,0.911959
"mp-16684",0.294006,0.354454,0.295839
"mp-16777",1.213045,1.090636,1.251546
"mp-16795",0.94357,0.896547,1.094175
"mp-16861",0.334389,0.292222,0.299195
"mp-16930",0.20115,0.186031,0.190953
"mp-16989",0.237388,0.216064,0.23021
"mp-17183",1.265481,1.127376,1.13981
"mp-17282",0.23901,0.265082,0.26828
"mp-17288",0.957503,0.972776,0.966436
"mp-17291",0.207494,0.179824,0.184055
"mp-17468",1.067905,0.838105,0.958438
"mp-17470",0.219304,0.228607,0.236399
"mp-17473",0.376178,0.341133,0.301146
"mp-17504",0.33343,0.32601,0.353649
"mp-17512",0.686976,0.226427,0.683687
"mp-17774",0.701444,0.61536,0.673722
"mp-17817",0.42175,0.436896,0.466657
"mp-17886",0.248385,0.192143,0.173569
"mp-17956",0.784548,0.812832,0.806458
"mp-18112",0.259527,0.301802,0.288266
"mp-18139",0.355561,0.310409,0.322738
"mp-18315",0.369249,0.405595,0.399783
"mp-18317",0.383789,0.332795,0.341653
"mp-18351",0.305926,0.321634,0.346004
"mp-18411",0.278868,0.265762,0.26541
"mp-18464",0.414245,0.405519,0.429722
"mp-18471",0.565431,0.618039,0.633052
"mp-18483",0.436235,0.466316,0.469244
"mp-18504",0.377465,0.35889,0.405302
"mp-18510",0.756542,0.781755,0.684168
"mp-1853",0.374385,0.316019,0.338822
"mp-20009",0.584214,0.590167,0.558976
"mp-20199",0.338464,0.305058,0.347828
"mp-20222",0.996767,0.890591,0.933914
"mp-20316",0.229017,0.217629,0.236932
"mp-20606",0.373727,0.406049,0.338649
"mp-2084",0.480314,0.442867,0.474069
"mp-21097",0.260568,0.240521,0.185008
"mp-21577",0.381198,0.346699,0.373168
"mp-21741",0.243639,0.227286,0.191625
"mp-21760",0.190781,0.152906,0.145311
"mp-22329",0.587768,0.60413,0.560612
"mp-22355",0.790499,0.715929,0.735331
"mp-22665",0.393704,0.296307,0.247497
"mp-22963",0.197766,0.186598,0.210731
"mp-22999",0.374129,0.38137,0.270797
"mp-23093",0.685718,0.627752,0.658844
"mp-23100",0.707348,0.624096,0.638141
"mp-23535",0.163337,0.166879,0.173451
"mp-23705",0.878131,0.830194,0.849404
"mp-23719",0.920352,1.206326,0.885965
"mp-23810",0.753651,0.50583,0.503703
"mp-24079",1.204608,1.228944,1.204262
"mp-24124",0.551546,0.625944,0.425799
"mp-24413",0.949657,0.918436,0.916507
"mp-24428",0.541693,1.123057,0.508264
"mp-24589",0.282966,0.35291,0.287252
"mp-27164",0.758854,0.812828,0.791411
"mp-27180",0.24251,0.331139,0.30281
"mp-27181",0.164585,0.19734,0.272492
"mp-27618",0.750215,0.710053,0.760759
"mp-27628",0.18283,0.256797,0.17064
"mp-27657",1.322151,1.509735,1.311447
"mp-27688",0.139944,0.132434,0.165142
"mp-27697",0.087127,0.212072,0.169367
"mp-27741",0.14128,0.16652,0.208014
"mp-27747",0.204402,0.176317,0.200175
"mp-27904",0.389298,0.419557,0.414081
"mp-28126",0.135591,0.170624,0.152152
"mp-28216",0.645441,0.693518,0.713354
"mp-28278",0.267519,0.273708,0.267642
"mp-28303",0.26738,0.240876,0.271113
"mp-28319",0.181008,0.169541,0.207384
"mp-28326",0.251192,0.154348,0.215931
"mp-28327",0.234282,0.276094,0.244214
"mp-28347",0.234289,0.34165,0.291928
"mp-28348",0.257167,0.237805,0.218767
"mp-28394",0.212965,0.191901,0.211876
"mp-28442",0.346928,0.37563,0.250943
"mp-28532",0.369989,0.195402,0.212011
"mp-28566",0.238915,0.213762,0.366163
"mp-28568",0.362034,0.335913,0.287843
"mp-28570",0.138034,0.09949,0.120719
"mp-28606",0.264323,0.160175,0.288427
"mp-28630",0.886859,0.738073,0.716847
"mp-28745",0.20393,0.138128,0.261105
"mp-28805",0.302366,0.319626,0.217486
"mp-28807",0.240796,0.384641,0.301543
"mp-28809",0.289635,0.258728,0.507256
"mp-28837",0.263819,0.244325,0.249255
"mp-28860",0.240774,0.189339,0.235975
"mp-28967",0.327324,0.353691,0.260655
"mp-28983",0.242886,0.207602,0.184047
"mp-2911",0.240617,0.235635,0.218015
"mp-29139",0.257396,0.262758,0.280413
"mp-29183",0.694936,0.613826,0.706776
"mp-29187",0.720206,0.682136,0.770712
"mp-29198",0.276293,0.258174,0.250636
"mp-29222",0.84338,0.802899,0.773185
"mp-29234",0.129276,0.194936,0.1768
"mp-29236",0.132057,0.217675,0.190958
"mp-29284",0.418865,0.342997,0.373222
"mp-29297",0.437705,0.389459,0.361745
"mp-29345",0.160984,0.188683,0.167814
"mp-29376",0.418864,0.443091,0.424599
"mp-29384",0.203046,0.193339,0.182681
"mp-29387",0.130665,0.118509,0.12787
"mp-29416",0.206071,0.227727,0.222274
"mp-29426",0.183081,0.171194,0.307805
"mp-29463",1.397271,1.528936,1.903882
"mp-29469",0.152715,0.432204,0.38185
"mp-29566",0.144822,0.169567,0.174158
"mp-29567",0.277841,0.225489,0.136966
"mp-29596",1.018812,0.985188,0.989823
"mp-29602",0.185725,0.156198,0.242653
"mp-29657",0.308649,0.269985,0.289735
"mp-2969",0.131142,0.213249,0.204739
"mp-29703",1.265477,1.279509,1.281646
"mp-29808",0.774393,0.726964,0.78402
"mp-29849",0.355106,0.379226,0.381894
"mp-29977",0.248797,0.251328,0.231752
"mp-29990",0.83989,0.732859,0.794728
"mp-30039",0.265078,0.221508,0.209251
"mp-30105",0.309609,0.191415,0.270955
"mp-30145",0.181111,0.282628,0.254158
"mp-30222",0.196484,0.187273,0.179076
"mp-30926",1.29284,1.141725,1.419466
"mp-30971",0.220919,0.179849,0.139568
"mp-30975",0.945539,0.727618,0.910812
"mp-30990",0.610796,0.650952,0.653958
"mp-30996",0.187148,0.144734,0.153283
"mp-31037",0.204329,0.144742,0.132124
"mp-31045",0.141837,0.091734,0.138127
"mp-31104",0.10601,0.128209,0.103439
"mp-31243",0.216764,0.232836,0.233716
"mp-31276",0.356865,0.297992,0.30097
"mp-31314",0.186762,0.238641,0.224177
"mp-31487",0.136675,0.208537,0.119297
"mp-3397",0.556585,0.573411,0.506175
"mp-3416",0.81045,0.792995,0.820525
"mp-3739",0.27408,0.343849,0.272651
"mp-37498",0.715502,1.021738,0.797781
"mp-384",0.517636,0.631616,0.677192
"mp-3855",0.746657,0.735211,0.692447
"mp-3926",0.281196,0.285652,0.289773
"mp-3932",1.01716,0.881672,0.996059
"mp-4068",0.359304,0.352485,0.382672
"mp-4172",0.442259,0.383495,0.40256
"mp-4180",1.046161,1.13272,1.008756
"mp-4816",0.302554,0.358562,0.371071
"mp-4841",0.291978,0.342854,0.298708
"mp-4988",0.206678,0.28913,0.196029
"mp-5045",0.257883,0.331001,0.376927
"mp-504630",0.157405,0.199714,0.225099
"mp-505088",0.151933,0.179608,0.272456
"mp-505747",0.274645,0.310015,0.229655
"mp-5081",0.295038,0.355858,0.294008
"mp-510283",0.150079,0.166917,0.236836
"mp-524",0.226229,0.206983,0.228833
"mp-5263",1.023002,0.940269,0.96614
"mp-5279",0.950401,0.893244,0.948787
"mp-530033",1.567789,1.665655,1.490566
"mp-532604",0.220724,0.221866,0.225974
"mp-5367",0.179773,0.161816,0.170085
"mp-540619",0.141093,0.142046,0.162488
"mp-540645",0.253621,0.259432,0.355733
"mp-540696",0.417971,0.409168,0.44354
"mp-540923",0.208666,0.217444,0.240293
"mp-540939",0.227159,0.231334,0.17787
"mp-540940",0.17509,0.179157,0.147378
"mp-541001",0.153843,0.103317,0.144823
"mp-541141",0.234234,0.217804,0.225529
"mp-541158",0.168948,0.181675,0.162994
"mp-541236",0.304506,0.251517,0.270607
"mp-541619",0.50601,0.574988,0.495083
"mp-5416",0.588121,0.668795,0.471591
"mp-541692",0.220219,0.201031,0.191913
"mp-541722",0.170582,0.182119,0.184004
"mp-541870",1.234765,1.097719,1.167089
"mp-541875",0.190156,0.199762,0.223943
"mp-541897",0.293613,0.208956,0.166954
"mp-541915",0.206981,0.200062,0.23865
"mp-541916",0.198998,0.183551,0.232402
"mp-542038",0.863042,0.876827,0.864806
"mp-542085",0.658245,0.730486,0.628196
"mp-542512",0.630211,0.619727,0.612187
"mp-553982",0.987525,1.010339,0.997068
"mp-554263",0.633076,0.896505,0.734596
"mp-554272",0.308268,0.385521,0.328871
"mp-554343",0.330944,0.243528,0.319498
"mp-554351",0.302717,0.254454,0.249991
"mp-554859",0.354755,0.181666,0.25052
"mp-554923",0.656508,0.737397,0.758054
"mp-554988",0.649593,0.657745,0.728392
"mp-555022",0.839521,0.697074,0.52605
"mp-555104",0.830455,0.758291,0.756282
"mp-555191",0.628626,0.561943,0.671539
"mp-555269",0.283712,0.352651,0.271182
"mp-555414",0.194688,0.169194,0.195053
"mp-555699",0.420893,0.268929,0.326252
"mp-555871",0.331728,0.271235,0.354598
"mp-556066",0.878885,0.986593,0.899974
"mp-556156",0.474161,0.661072,0.853073
"mp-556169",1.006809,0.775678,0.584383
"mp-5563",0.460809,0.515106,0.451796
"mp-556521",0.462904,0.456179,0.480604
"mp-556544",1.326758,1.367479,1.269097
"mp-556695",0.870718,0.810403,0.617528
"mp-556799",1.192284,1.120039,0.671618
"mp-556806",0.732963,0.898351,0.85717
"mp-556906",0.887427,0.871669,0.986084
"mp-556908",0.456622,0.617482,0.556369
"mp-556999",0.84302,0.685557,0.515857
"mp-557012",1.501881,0.933936,1.248802
"mp-557268",0.941335,1.037823,1.105827
"mp-557457",0.845688,0.688966,0.518734
"mp-557540",0.201638,0.228048,0.213086
"mp-557698",0.55643,0.565435,0.568274
"mp-557728",0.323283,0.314876,0.343452
"mp-558039",0.773077,0.691424,0.711515
"mp-558102",0.871896,1.112682,1.217735
"mp-558195",0.625849,0.650518,0.413921
"mp-558241",0.180492,0.209671,0.19064
"mp-558415",0.339887,0.385408,0.312845
"mp-558469",0.366627,0.319089,0.295807
"mp-558538",0.851884,0.683773,0.513652
"mp-558616",0.879499,0.920847,0.810505
"mp-558724",0.346179,0.401653,0.327343
"mp-558731",0.425733,0.404033,0.36811
"mp-558826",0.661209,0.731979,0.555048
"mp-558941",0.971963,0.925932,0.982504
"mp-559043",0.338678,0.291664,0.210529
"mp-559391",0.613032,0.547148,0.641216
"mp-559571",1.144011,1.493073,1.501445
"mp-559617",0.984582,1.377203,1.381078
"mp-559670",0.740716,0.739729,0.766255
"mp-560189",1.152502,1.01732,0.95854
"mp-560370",0.262472,0.276508,0.307858
"mp-560476",0.420313,0.427852,0.403418
"mp-560538",0.421418,0.442886,0.502889
"mp-560623",1.007158,1.156357,1.059735
"mp-560645",1.11966,1.017765,1.100191
"mp-560847",0.280404,0.34409,0.498469
"mp-560848",0.468624,0.304515,0.323043
"mp-560921",0.93393,0.860078,1.014424
"mp-560974",1.64685,1.729132,1.627918
"mp-561072",0.77125,0.689534,0.710027
"mp-561130",0.381171,0.394281,0.437102
"mp-561474",0.59875,0.904765,0.601136
"mp-561511",0.551767,0.577878,0.55728
"mp-567373",0.912317,0.455841,0.351221
"mp-567472",0.305665,0.431257,0.272072
"mp-567710",0.134295,0.262726,0.275462
"mp-567967",0.174115,0.111931,0.149564
"mp-568044",0.260446,0.317569,0.253383
"mp-568224",0.249048,0.371532,0.268371
"mp-568493",0.167525,0.175852,0.154289
"mp-568543",0.270462,0.234526,0.267748
"mp-568644",0.215779,0.226634,0.22649
"mp-568762",0.281197,0.258784,0.270605
"mp-568855",0.248972,0.210853,0.194368
"mp-568986",0.164493,0.197288,0.272576
"mp-568987",0.770897,0.729861,0.747266
"mp-569129",0.215536,0.206725,0.24881
"mp-569132",0.275188,0.268552,0.258285
"mp-569337",0.213653,0.204294,0.208357
"mp-569467",0.256492,0.261625,0.262415
"mp-569613",0.307616,0.275132,0.27955
"mp-569812",0.806187,0.257743,0.247969
"mp-570080",0.291869,0.275708,0.258926
"mp-570218",1.180844,1.36903,1.253692
"mp-570301",0.447186,0.433722,0.462082
"mp-570370",0.284282,0.285998,0.316723
"mp-570411",0.22902,0.209959,0.203552
"mp-570505",0.954851,1.006824,1.039041
"mp-570598",1.279577,1.31867,1.311113
"mp-570803",0.185322,0.219139,0.219294
"mp-570948",0.800239,0.794774,0.790718
"mp-571219",0.105013,0.114383,0.107618
"mp-571235",0.125966,0.127281,0.146084
"mp-571240",0.263096,0.260274,0.253607
"mp-571293",0.202893,0.167347,0.281042
"mp-571415",0.257011,0.274055,0.255987
"mp-571621",0.458927,0.673374,0.636911
"mp-571637",0.174273,0.145792,0.167488
"mp-572442",0.262601,0.268454,0.208275
"mp-572833",0.261285,0.272886,0.207727
"mp-573145",0.255924,0.309277,0.282816
"mp-5732",0.84712,0.858751,0.888213
"mp-5737",0.300977,0.358091,0.297645
"mp-574040",0.181781,0.180925,0.180917
"mp-574070",0.084327,0.075614,0.082885
"mp-574138",0.136772,0.144198,0.12197
"mp-578629",0.664947,0.71618,0.709512
"mp-579536",0.152541,0.213139,0.158655
"mp-579637",0.204548,0.168633,0.157979
"mp-581376",0.200195,0.2048,0.213967
"mp-5818",0.219709,0.230053,0.18565
"mp-581834",0.673206,0.445414,0.575951
"mp-581864",0.201753,0.139057,0.193882
"mp-582813",0.145215,0.18555,0.159274
"mp-583084",0.330075,0.235475,0.34736
"mp-583184",0.198044,0.222246,0.232828
"mp-5929",0.493988,0.437509,0.474018
"mp-601867",0.206303,0.226444,0.230792
"mp-6095",1.322068,1.261622,1.272505
"mp-619510",0.173608,0.154344,0.141103
"mp-622086",0.317394,0.359388,0.296706
"mp-624190",0.225505,0.280506,0.323146
"mp-624200",0.254018,0.233912,0.218208
"mp-625873",0.576463,0.85912,0.544926
"mp-626725",0.636864,0.54064,0.567654
"mp-626973",0.636676,0.540696,0.567879
"mp-627016",0.636169,0.540695,0.568391
"mp-6300",0.13008,0.187582,0.203687
"mp-6331",0.950266,0.850327,0.868573
"mp-634657",0.777852,0.63364,0.66335
"mp-634676",0.518294,0.550731,0.4898
"mp-6353",1.116001,0.995769,1.13461
"mp-636675",0.183115,0.157529,0.161725
"mp-6389",0.636991,0.610928,0.617486
"mp-6402",0.846629,0.734908,0.807385
"mp-6406",1.114981,1.064775,1.123131
"mp-642817",0.627332,0.758594,0.586162
"mp-643392",1.195241,0.993287,1.11374
"mp-643460",0.264531,0.209572,0.190209
"mp-643708",0.3991,0.541224,0.400387
"mp-643749",0.805744,0.828091,0.751572
"mp-652046",0.28335,0.234859,0.224968
"mp-653561",0.259787,0.21778,0.250674
"mp-6585",1.391067,0.830484,1.171996
"mp-6604",0.93384,0.865407,0.878938
"mp-6637",0.299902,0.40115,0.28286
"mp-669359",0.135915,0.266355,0.278727
"mp-6708",0.291135,0.415558,0.50971
"mp-673245",0.245013,0.243399,0.230643
"mp-674328",0.36538,0.387059,0.245306
"mp-674465",0.321941,0.319901,0.340441
"mp-6758",0.190969,0.171175,0.179417
"mp-677002",0.218431,0.217475,0.217373
"mp-677055",0.409508,0.410596,0.365785
"mp-679930",0.512317,0.334174,0.290401
"mp-680185",0.230297,0.184806,0.185533
"mp-6825",1.026771,0.939853,1.051164
"mp-683936",0.238546,0.228602,0.22322
"mp-6899",0.808323,1.228784,1.335525
"mp-695202",1.233121,1.287375,1.218967
"mp-696528",0.953509,0.574783,0.89926
"mp-697144",0.388984,0.868322,0.41043
"mp-697181",0.582397,0.692454,0.617166
"mp-698205",1.327955,0.956717,0.899238
"mp-6989",0.493942,0.515618,0.375057
"mp-699232",1.160189,1.282473,1.161726
"mp-7198",0.286108,0.272042,0.271168
"mp-752405",0.885113,0.966807,0.901454
"mp-752730",0.536962,0.566476,0.47836
"mp-753257",0.624646,0.611964,0.92235
"mp-753460",0.151266,0.167605,0.17404
"mp-753662",0.932749,0.79465,0.820423
"mp-753748",0.484142,0.504145,0.500968
"mp-753809",0.159986,0.138507,0.170484
"mp-754540",0.083358,0.173651,0.167932
"mp-755393",0.130933,0.205111,0.14995
"mp-755530",0.667675,0.643776,0.567022
"mp-755980",0.191374,0.198046,0.202589
"mp-756202",0.151818,0.185372,0.148063
"mp-756241",0.558445,0.594319,0.604593
"mp-756725",0.151465,0.176113,0.14369
"mp-756919",1.178763,0.871625,0.793692
"mp-757407",0.592886,0.576096,0.576188
"mp-759535",0.461529,0.474881,0.485289
"mp-759686",1.505284,1.496905,1.644548
"mp-760510",0.374689,0.479956,0.416593
"mp-762240",0.632443,0.750862,0.6704
"mp-766217",0.637162,0.528269,0.530568
"mp-766343",0.14006,0.14175,0.173765
"mp-766463",0.784114,1.035908,1.029646
"mp-768422",0.689947,0.60167,0.679086
"mp-768735",0.182269,0.161457,0.187669
"mp-768820",1.094722,0.677958,1.018867
"mp-768941",0.725282,0.662614,0.705666
"mp-769287",0.62469,0.64865,0.673538
"mp-769481",0.883356,0.868729,0.815599
"mp-770408",0.410987,0.440315,0.461006
"mp-771238",0.793563,0.839692,0.802726
"mp-771774",0.732979,0.811156,0.849446
"mp-771981",0.220781,0.193801,0.197202
"mp-772811",0.78163,0.710273,0.638021
"mp-775806",0.380486,0.488525,0.480563
"mp-778364",0.8865,0.751029,0.877274
"mp-780406",0.869398,0.806287,0.780008
"mp-780420",0.88743,0.830997,0.78853
"mp-7904",0.334763,0.426007,0.44538
"mp-7943",0.306168,0.430253,0.326115
"mp-7944",0.189257,0.223923,0.177909
"mp-8070",1.534453,1.468835,1.501469
"mp-8184",0.807093,0.748421,0.717663
"mp-8194",0.214617,0.206126,0.23555
"mp-8195",0.21763,0.197103,0.229463
"mp-8198",0.316996,0.338488,0.325859
"mp-8200",0.349143,0.365294,0.367126
"mp-849527",0.37314,0.356998,0.377535
"mp-850516",1.269336,1.157726,1.320999
"mp-861606",0.265684,0.251808,0.192031
"mp-861866",0.336156,0.291969,0.208512
"mp-861938",0.350185,0.335531,0.2476
"mp-865980",0.28391,0.199571,0.164519
"mp-866310",0.664685,0.674396,0.418485
"mp-866615",0.184141,0.219589,0.195544
"mp-866688",0.195791,0.147253,0.208054
"mp-867219",0.314288,0.381341,0.223393
"mp-867328",0.435013,0.387469,0.271095
"mp-867334",0.396433,0.336246,0.234394
"mp-867615",0.675488,0.682255,0.684974
"mp-8947",0.42911,0.649314,0.527683
"mp-9047",0.258758,0.260839,0.526316
"mp-909",0.239029,0.17701,0.384194
"mp-927",0.497361,0.478661,0.460241
"mp-9576",0.254908,0.242059,0.303694
"mp-9588",0.504871,0.754114,0.47548
"mp-9635",0.236223,0.303031,0.284187
"mp-966582",0.935818,0.846955,1.036945
"mp-9680",0.19011,0.200787,0.205865
"mp-972112",0.753456,0.687903,0.70123
"mp-972120",0.372381,0.398253,0.34689
"mp-972216",0.769128,0.687446,0.706942
"mp-9726",0.771678,0.741579,0.698027
"mp-976713",0.56172,0.638753,0.438714
"mp-9788",0.383168,0.34381,0.398121
"mp-9789",0.480242,0.453215,0.438214
"mp-9853",0.376624,0.448905,0.411398
"mp-989614",0.495232,0.508267,0.39315
"mp-9921",0.550216,0.685518,0.232829
"mp-9922",0.510535,0.570841,0.15413
"mp-10009",0.276072,0.2759,0.200489
"mp-10096",0.299655,0.299655,0.289259
"mp-10097",0.263821,0.263821,0.266304
"mp-10103",0.782157,0.782157,0.68167
"mp-10281",0.403876,0.403876,0.394003
"mp-10314",0.352335,0.352185,0.256411
"mp-10340",0.939543,0.939543,0.465684
"mp-1039",0.239319,0.239319,0.235677
"mp-10485",0.163076,0.163076,0.187336
"mp-10509",0.692273,0.692273,0.511433
"mp-10510",0.865692,0.865692,0.540841
"mp-10550",0.76231,0.76231,0.626501
"mp-10615",0.264552,0.264552,0.289961
"mp-10616",0.190985,0.190985,0.222057
"mp-1070",0.246798,0.246798,0.241998
"mp-10733",0.766881,0.766881,0.845525
"mp-10776",0.425369,0.425754,0.218314
"mp-10918",0.183796,0.183796,1.391425
"mp-10933",0.264664,0.264558,0.294007
"mp-10996",0.226995,0.226853,0.235036
"mp-11019",0.74032,0.74032,1.043282
"mp-11020",0.822753,0.822753,0.881778
"mp-11022",0.869474,0.869474,0.824411
"mp-11023",0.821479,0.821479,0.732042
"mp-11166",0.7206,0.7206,0.433622
"mp-11168",0.340232,0.340232,0.424335
"mp-11583",0.744466,0.744466,0.575663
"mp-11625",0.824075,0.824075,0.926592
"mp-11670",0.910175,0.910175,0.804209
"mp-11714",1.442527,1.442527,1.385847
"mp-1186",0.633771,0.633771,0.199528
"mp-11917",1.635462,1.635462,1.402094
"mp-12171",0.47683,0.47683,0.494196
"mp-12485",0.341256,0.341256,0.393919
"mp-12668",0.511927,0.511927,0.429464
"mp-12669",0.512657,0.512657,0.431574
"mp-12670",0.514405,0.514405,0.434611
"mp-12671",0.515044,0.515044,0.437345
"mp-12673",0.520703,0.520703,0.44686
"mp-12779",0.204728,0.204728,0.198883
"mp-12829",0.891873,0.891873,0.831652
"mp-12894",0.645824,0.645824,0.571352
"mp-12908",0.455522,0.455522,0.299235
"mp-12953",0.268404,0.268276,0.246704
"mp-13002",0.543548,0.543548,0.503442
"mp-13038",0.551662,0.551662,0.837582
"mp-13039",0.556031,0.556031,0.868604
"mp-13275",0.303042,0.303042,0.308908
"mp-13276",0.3353,0.3353,0.355718
"mp-13277",0.253213,0.253213,0.233363
"mp-13312",0.424736,0.424736,0.212046
"mp-13335",1.444663,1.444663,1.293538
"mp-13954",0.390775,0.390775,0.351475
"mp-13971",0.462036,0.462036,0.437412
"mp-13972",0.466337,0.466337,0.439639
"mp-13974",0.473609,0.473609,0.443543
"mp-13975",0.474106,0.474106,0.44503
"mp-13978",0.367939,0.367939,0.610533
"mp-14168",0.460304,0.460304,0.42513
"mp-14193",0.429961,0.429961,0.689924
"mp-14386",0.818933,0.818933,0.432737
"mp-14780",0.262102,0.262102,0.254244
"mp-14782",0.183117,0.183117,0.180144
"mp-14972",0.979307,0.979307,0.441203
"mp-15074",0.308871,0.308871,0.360184
"mp-15572",0.347215,0.347215,0.347313
"mp-15573",0.30491,0.30491,0.345939
"mp-15668",0.277329,0.277234,0.260567
"mp-1572",0.361157,0.361157,0.250231
"mp-16001",0.18338,0.18338,0.3736
"mp-165",0.856114,0.856114,0.739684
"mp-16594",0.663455,0.663455,0.820168
"mp-16595",0.653254,0.653254,0.800003
"mp-16596",0.648954,0.648954,0.813039
"mp-16597",0.643259,0.643259,0.800557
"mp-16598",0.640087,0.640087,0.79772
"mp-16613",1.076316,1.076316,0.735848
"mp-16764",0.252833,0.252833,0.204791
"mp-16978",0.620982,0.620982,0.738172
"mp-17009",0.483285,0.483285,0.623472
"mp-17037",0.940059,0.940059,1.081896
"mp-17120",0.130309,0.130309,0.079356
"mp-17155",0.251977,0.251977,0.221436
"mp-17161",0.46696,0.46696,0.45592
"mp-17229",0.725592,0.725592,0.829866
"mp-17243",0.274164,0.274164,0.204049
"mp-17382",0.782562,0.782562,0.897405
"mp-17389",0.261342,0.261342,0.281874
"mp-17447",0.696171,0.696501,0.731786
"mp-17481",0.893851,0.893851,0.852397
"mp-17486",0.334322,0.333994,0.326373
"mp-17516",0.903568,0.904061,1.02782
"mp-17698",0.156919,0.156919,0.15964
"mp-17719",0.310944,0.310944,0.374851
"mp-17747",0.383838,0.383838,0.368846
"mp-17756",0.227906,0.227906,0.21302
"mp-17777",0.613396,0.613396,0.648053
"mp-17808",1.045907,1.045907,1.063616
"mp-17827",0.261603,0.261603,0.282281
"mp-17841",1.060511,1.060511,1.017584
"mp-17853",0.848395,0.848395,1.157458
"mp-17916",0.334125,0.334125,0.271422
"mp-17947",0.286046,0.286046,0.294041
"mp-18126",0.274175,0.274175,0.24047
"mp-1821",0.439644,0.439644,0.240686
"mp-18246",0.137441,0.137441,0.141989
"mp-18303",0.27581,0.275582,0.205684
"mp-18481",0.183823,0.183823,0.208218
"mp-18502",0.8025,0.8025,0.901239
"mp-18509",0.767142,0.767142,0.820778
"mp-18685",0.318448,0.318448,0.329197
"mp-1943",0.362843,0.362843,0.244923
"mp-1968",0.817167,0.817167,0.85878
"mp-20015",0.946574,0.946574,0.439434
"mp-20042",0.337835,0.337835,0.344433
"mp-20374",0.553037,0.553037,0.849054
"mp-20485",0.259782,0.259632,0.189897
"mp-2063",0.744898,0.744898,0.815462
"mp-2072",0.14952,0.14952,0.145578
"mp-20727",0.668932,0.668932,0.355657
"mp-20902",0.336273,0.336541,0.183983
"mp-2133",0.712457,0.712457,0.739198
"mp-224",0.506204,0.506204,0.191962
"mp-2245",1.644026,1.644026,1.708155
"mp-22880",0.520208,0.520208,0.127007
"mp-22893",0.164795,0.165152,0.095457
"mp-22894",0.154179,0.154179,0.158185
"mp-22896",0.291632,0.291632,0.387915
"mp-22965",0.17988,0.179861,0.097385
"mp-23005",0.263667,0.263667,0.223746
"mp-23015",0.133711,0.133711,0.19375
"mp-23063",0.237341,0.237341,0.253308
"mp-23110",0.376251,0.376251,0.173268
"mp-23183",0.298703,0.298703,0.395804
"mp-23205",0.309193,0.308989,0.0834
"mp-23211",0.295133,0.295133,0.390688
"mp-23221",0.226606,0.226606,0.333927
"mp-23263",0.222517,0.222517,0.328854
"mp-23321",0.315632,0.315632,0.337711
"mp-23326",0.460709,0.460709,0.492781
"mp-2340",0.729923,0.729505,0.82488
"mp-23451",0.129154,0.129154,0.184135
"mp-23503",0.321352,0.321352,0.295374
"mp-23738",0.498164,0.498164,0.525166
"mp-23764",1.538047,1.538047,0.792316
"mp-23827",0.440566,0.440566,0.448296
"mp-23828",0.40004,0.40004,0.424697
"mp-23995",0.79819,0.79819,1.191658
"mp-2400",0.427984,0.427984,0.38149
"mp-24012",0.271391,0.271391,0.281396
"mp-24066",0.398211,0.398021,0.315675
"mp-24097",1.531102,1.531102,0.81096
"mp-24563",0.671693,0.671693,0.987837
"mp-2507",0.454507,0.454507,0.250363
"mp-2542",2.15564,2.155301,2.280626
"mp-2654",0.538119,0.538119,0.680948
"mp-27366",0.243487,0.243507,0.699844
"mp-27377",0.98363,0.98363,0.85153
"mp-27417",0.893967,0.893967,0.793374
"mp-27487",0.882815,0.882429,0.649002
"mp-27501",0.182245,0.182245,0.181614
"mp-27506",0.196621,0.196621,0.252217
"mp-27559",0.593537,0.593537,0.581678
"mp-27563",0.529882,0.529882,0.516857
"mp-2763",0.751839,0.751839,0.824995
"mp-27791",1.262512,1.262512,1.423254
"mp-27922",0.323715,0.323605,0.098937
"mp-27934",0.325916,0.325916,0.104741
"mp-28220",0.467556,0.467556,0.131442
"mp-28248",0.257942,0.257817,0.078807
"mp-28529",0.202124,0.202124,0.210569
"mp-28548",1.159859,1.159859,1.156909
"mp-28549",1.337535,1.337535,1.365616
"mp-28797",0.329075,0.329075,0.387847
"mp-28815",0.150449,0.150449,0.182892
"mp-28911",0.539049,0.539049,0.547172
"mp-28938",0.416078,0.416078,0.175056
"mp-28944",0.267377,0.267227,0.114887
"mp-28987",0.349448,0.349448,0.125171
"mp-28989",1.136202,1.136202,1.394577
"mp-29019",0.16264,0.16264,0.19846
"mp-29057",0.362313,0.362313,0.159543
"mp-29090",0.169734,0.169734,0.175275
"mp-29116",0.249347,0.249347,0.112424
"mp-29117",0.238599,0.238599,0.114765
"mp-2918",0.613231,0.613231,0.731216
"mp-29218",0.610377,0.610377,0.610214
"mp-29341",0.169384,0.169384,0.171564
"mp-29415",0.295192,0.295192,0.25626
"mp-29417",0.21429,0.21429,0.217822
"mp-29529",0.302337,0.302337,0.181254
"mp-29689",0.24753,0.24753,0.127564
"mp-29750",0.124252,0.124252,0.373097
"mp-29787",0.391569,0.391569,0.577134
"mp-29803",0.920407,0.920407,1.099933
"mp-29877",0.49389,0.49389,0.496511
"mp-29909",0.140742,0.140742,0.142032
"mp-29910",0.166334,0.166334,0.176446
"mp-30031",0.221001,0.220868,0.08741
"mp-30034",0.459761,0.459761,0.118136
"mp-3006",0.282917,0.282917,0.430173
"mp-30167",0.13906,0.13906,0.200277
"mp-30250",0.598317,0.598317,0.670899
"mp-30284",0.661541,0.661541,0.349625
"mp-3079",0.97113,0.97113,1.055648
"mp-3082",0.770854,0.770854,0.881226
"mp-3098",1.152262,1.152262,1.220729
"mp-31220",0.321253,0.321253,0.143822
"mp-3211",0.504659,0.504659,0.416924
"mp-3216",1.213924,1.213924,0.840362
"mp-3236",0.502863,0.502863,0.414859
"mp-3556",0.516948,0.516948,0.439986
"mp-3563",0.957444,0.957444,0.750494
"mp-3642",0.914181,0.914181,0.993997
"mp-3744",0.846623,0.846623,0.386405
"mp-37657",0.903297,0.903297,0.877033
"mp-380",0.357088,0.357088,0.3451
"mp-3810",1.049005,1.049005,0.48999
"mp-3924",1.086916,1.086916,0.458537
"mp-4002",0.772489,0.772489,0.880253
"mp-409",0.399842,0.399842,0.683559
"mp-4236",0.510485,0.510485,0.573979
"mp-4511",0.525804,0.525611,0.434887
"mp-4555",1.118433,1.118433,0.525152
"mp-4764",0.459154,0.458975,0.435837
"mp-4823",0.2711,0.270966,1.708658
"mp-4829",0.626387,0.626387,0.884243
"mp-4887",0.714123,0.714123,0.740465
"mp-4975",0.520186,0.520186,0.587884
"mp-504482",0.343613,0.343613,0.404144
"mp-504554",0.867118,0.867118,0.672494
"mp-504607",0.718068,0.718068,0.821321
"mp-504891",0.345245,0.345245,0.391736
"mp-504908",0.735885,0.735885,0.709614
"mp-504951",0.293604,0.293378,0.341839
"mp-504952",0.249343,0.249343,0.270507
"mp-505148",0.129198,0.129198,0.154248
"mp-5055",0.377035,0.377035,0.378155
"mp-505558",0.279136,0.278876,0.230789
"mp-510566",0.324215,0.323919,0.254509
"mp-5114",0.255516,0.255516,0.266311
"mp-540634",0.627686,0.627686,0.81887
"mp-540707",0.568537,0.568537,0.692345
"mp-540949",0.716936,0.716936,0.641365
"mp-540950",0.684095,0.684095,0.594431
"mp-541044",0.700824,0.700824,0.378017
"mp-541487",0.344706,0.344706,0.183068
"mp-541646",0.178975,0.178975,0.243914
"mp-541707",0.194856,0.194856,0.165663
"mp-541742",0.172373,0.172373,0.252322
"mp-541811",0.132613,0.132613,0.082068
"mp-541813",0.528378,0.528378,0.671991
"mp-541995",0.832802,0.832802,0.792531
"mp-542888",0.292698,0.292698,0.282345
"mp-546864",0.690792,0.690792,0.979195
"mp-5496",1.192793,1.192793,1.743711
"mp-553303",0.459771,0.459771,0.207118
"mp-553308",0.641303,0.641303,0.390925
"mp-553875",0.74771,0.74771,0.579481
"mp-553880",0.372047,0.372047,0.548883
"mp-553916",0.372323,0.372323,0.510616
"mp-554004",0.371269,0.371269,0.541291
"mp-554097",0.330218,0.330218,0.320236
"mp-554115",0.372672,0.372672,0.581086
"mp-554150",0.306829,0.306829,0.278267
"mp-554253",0.37209,0.37209,0.539842
"mp-554303",0.470083,0.470083,0.625495
"mp-554503",0.372415,0.372415,0.565283
"mp-554540",1.014092,1.014092,1.050059
"mp-554542",1.06006,1.06006,1.124738
"mp-554608",0.372434,0.372434,0.561726
"mp-554630",0.37166,0.37166,0.517751
"mp-554681",0.372435,0.372435,0.586621
"mp-554713",0.371279,0.371279,0.511854
"mp-554719",1.357221,1.356337,1.480366
"mp-554781",0.314628,0.314628,0.295223
"mp-554820",0.372757,0.372757,0.561099
"mp-554829",0.37211,0.37211,0.504494
"mp-554831",0.280159,0.280159,0.271476
"mp-554889",0.371024,0.371024,0.535786
"mp-554961",0.372637,0.372637,0.539372
"mp-555079",0.372947,0.372947,0.574174
"mp-555081",0.307316,0.307316,0.286029
"mp-555151",0.372284,0.372284,0.545272
"mp-555218",0.188813,0.188813,0.190196
"mp-555311",0.371983,0.371983,0.535571
"mp-555421",0.814097,0.813683,0.834433
"mp-555628",0.371123,0.371123,0.513952
"mp-555666",0.372203,0.372203,0.654795
"mp-555678",1.577073,1.577073,1.222198
"mp-555773",0.456469,0.456469,0.51249
"mp-555818",0.3616,0.3616,0.364054
"mp-555893",0.329552,0.329552,0.318377
"mp-555932",0.548745,0.548745,0.588075
"mp-555978",0.306206,0.306206,0.278254
"mp-556000",0.372382,0.372382,0.521852
"mp-556005",0.418849,0.418849,0.41118
"mp-556049",0.234156,0.234156,0.244192
"mp-556103",0.308903,0.308903,0.363411
"mp-556152",0.456335,0.456335,0.522036
"mp-556155",0.372536,0.372536,0.474547
"mp-556183",0.469312,0.469312,0.623574
"mp-556207",0.371919,0.371919,0.462189
"mp-556280",0.372479,0.372479,0.464904
"mp-556301",0.827284,0.827284,0.874999
"mp-556363",0.456328,0.456328,0.546095
"mp-556372",0.771344,0.771344,0.881885
"mp-556392",0.457727,0.457727,0.499448
"mp-556458",0.745268,0.745268,0.40586
"mp-556543",0.372907,0.372907,0.512928
"mp-556647",0.474801,0.474801,0.45478
"mp-556703",0.678295,0.677913,0.80009
"mp-556716",0.451389,0.451389,0.558785
"mp-556721",0.458924,0.458924,0.443746
"mp-556741",0.58921,0.589569,0.422126
"mp-556761",0.474227,0.474227,0.523147
"mp-556781",0.376231,0.376231,0.346111
"mp-556784",0.37295,0.37295,0.499389
"mp-556815",0.451684,0.451684,0.556587
"mp-556962",0.307178,0.306885,0.278612
"mp-556975",0.329743,0.329743,0.318493
"mp-556989",0.453302,0.453302,0.593534
"mp-556996",0.680121,0.680121,0.697477
"mp-557009",0.372044,0.372044,0.480576
"mp-557026",0.456074,0.456074,0.571657
"mp-557175",0.456154,0.456154,0.534401
"mp-557346",0.456236,0.456236,0.538516
"mp-557359",0.608137,0.608137,0.410715
"mp-557372",0.675903,0.675903,0.758736
"mp-557517",0.306157,0.306157,0.28047
"mp-557577",0.794773,0.794773,0.986981
"mp-557998",0.332037,0.332037,0.327602
"mp-558042",0.308021,0.308021,0.257906
"mp-558268",0.61307,0.612822,0.732281
"mp-558491",0.865478,0.865478,0.545359
"mp-558533",0.476637,0.476637,0.639845
"mp-558658",0.683508,0.683508,0.961979
"mp-558672",0.773254,0.773254,0.710938
"mp-558713",1.514749,1.514749,1.334279
"mp-558980",0.334202,0.334202,0.331901
"mp-559390",1.253184,1.253184,1.258252
"mp-559590",0.863699,0.863017,1.237614
"mp-559642",1.382519,1.382519,1.606347
"mp-5598",0.506905,0.506905,0.421594
"mp-559965",0.611082,0.611082,0.68633
"mp-560014",0.304698,0.304409,0.245145
"mp-560300",0.304774,0.304774,0.247606
"mp-560501",0.331796,0.331796,0.325698
"mp-560588",0.401079,0.401079,0.387809
"mp-560632",0.862464,0.862464,0.998362
"mp-560641",0.368725,0.368725,0.368802
"mp-560832",1.017766,1.017766,0.842904
"mp-560993",1.873692,1.873692,1.456663
"mp-561118",0.416487,0.416487,0.419954
"mp-561173",0.403015,0.403015,0.396511
"mp-561243",0.420693,0.420517,0.569841
"mp-561277",0.540388,0.540388,0.408654
"mp-561286",0.373059,0.373059,0.426552
"mp-561499",0.317532,0.317532,0.300682
"mp-561681",0.484949,0.48469,0.244889
"mp-567178",0.157905,0.157905,0.086735
"mp-567246",0.140092,0.140092,0.066219
"mp-567259",0.256024,0.255902,0.084421
"mp-567296",0.255307,0.255184,0.077583
"mp-567428",0.280408,0.28014,0.230138
"mp-567503",0.156387,0.156387,0.083284
"mp-567505",1.465849,1.465436,1.456292
"mp-567551",1.451828,1.451828,1.655672
"mp-567666",0.145846,0.145846,0.44822
"mp-567680",0.255298,0.255298,0.246866
"mp-567713",0.247377,0.247377,0.129962
"mp-567753",0.272082,0.272082,0.201012
"mp-567949",0.207437,0.207437,0.103857
"mp-568145",0.04261,0.04261,0.04333
"mp-568170",0.308399,0.308399,0.418651
"mp-568273",0.278528,0.27842,0.342
"mp-568536",0.162899,0.162899,0.167733
"mp-568606",0.18318,0.183031,0.210853
"mp-568619",1.475544,1.475544,1.487706
"mp-568638",0.341945,0.341648,0.289806
"mp-568656",1.44643,1.44643,1.653804
"mp-568779",0.284924,0.284924,0.244742
"mp-568801",0.285205,0.285205,0.250589
"mp-568916",0.156642,0.156642,0.155853
"mp-568954",0.282185,0.282185,0.231216
"mp-569168",0.174869,0.174869,0.237262
"mp-569346",0.225031,0.224919,0.232172
"mp-569510",0.130814,0.130708,0.09592
"mp-569557",0.283881,0.283881,0.244121
"mp-569611",0.132034,0.131924,0.08855
"mp-569666",0.130998,0.130893,0.085091
"mp-569722",0.131243,0.131135,0.084667
"mp-570045",0.28579,0.28579,0.246407
"mp-570079",1.131831,1.131831,1.368674
"mp-570081",0.228483,0.228302,0.147233
"mp-570084",0.195548,0.195548,0.097271
"mp-570226",0.281216,0.281216,0.229623
"mp-570259",0.737909,0.737909,0.177509
"mp-570311",0.216739,0.216739,0.245055
"mp-570418",0.176003,0.175877,0.078027
"mp-570437",0.253988,0.25387,0.082467
"mp-570485",0.501001,0.500836,0.251201
"mp-570492",0.131339,0.131232,0.076574
"mp-570552",0.131456,0.131348,0.0757
"mp-570594",0.275138,0.274897,0.212068
"mp-570610",0.131668,0.13156,0.075834
"mp-570791",1.050021,1.049695,1.496527
"mp-5709",0.410354,0.410354,0.450049
"mp-570921",0.245013,0.245291,0.269461
"mp-570935",0.185,0.185,0.191067
"mp-570985",1.048683,1.048683,1.686917
"mp-571093",0.396087,0.395917,0.180321
"mp-571286",1.048716,1.048716,1.887522
"mp-571298",1.049143,1.048881,1.968567
"mp-571347",0.281254,0.281254,0.231482
"mp-571414",0.794096,0.794096,0.732118
"mp-571468",0.284348,0.284104,0.244957
"mp-571516",0.130606,0.130502,0.093562
"mp-571667",0.132103,0.131996,0.079031
"mp-572512",0.197347,0.197111,0.161099
"mp-5795",1.076796,1.076796,1.171303
"mp-579560",0.179124,0.179124,0.247197
"mp-580941",0.156157,0.156157,0.112712
"mp-582034",1.049451,1.049451,1.533379
"mp-582042",0.131071,0.130965,0.081146
"mp-582084",0.13143,0.131324,0.103493
"mp-582680",0.37197,0.37197,0.610874
"mp-582767",0.315416,0.315416,0.29913
"mp-602",0.369963,0.369963,0.237162
"mp-6030",1.311742,1.311742,1.365491
"mp-6046",0.80274,0.80274,0.534466
"mp-6112",0.193393,0.193393,0.163784
"mp-612740",0.226218,0.226218,0.235701
"mp-6134",1.002297,1.002297,0.905272
"mp-617632",0.290592,0.290592,0.330984
"mp-6185",0.523273,0.523273,0.671142
"mp-619015",0.290332,0.290332,0.299401
"mp-626161",1.795705,1.795705,1.435628
"mp-6325",0.830886,0.830886,0.786673
"mp-632667",1.788376,1.788376,0.768033
"mp-632760",0.592317,0.592317,0.886241
"mp-634",0.194923,0.194805,0.271637
"mp-641534",0.287118,0.286866,0.249293
"mp-642725",0.586898,0.586898,0.396503
"mp-643004",0.701826,0.701564,0.482969
"mp-643047",0.47461,0.47461,0.474368
"mp-643264",0.637564,0.637319,0.409477
"mp-643370",0.537464,0.537464,0.566299
"mp-643655",1.107981,1.107981,0.663336
"mp-645364",1.221482,1.221482,1.156745
"mp-6474",0.930839,0.930839,0.887152
"mp-6485",0.258659,0.258659,0.280431
"mp-6566",0.681376,0.681066,0.72796
"mp-6574",0.553845,0.553845,0.858989
"mp-6591",0.772269,0.772269,0.658204
"mp-661",1.482917,1.482624,1.572114
"mp-6654",0.313712,0.313712,0.688467
"mp-6661",0.955129,0.955129,1.164193
"mp-669334",0.130802,0.130701,0.082466
"mp-669340",0.130536,0.130432,0.090529
"mp-6694",0.77033,0.77033,0.822794
"mp-6709",0.873117,0.873117,0.747662
"mp-672",0.278318,0.278168,0.273239
"mp-672289",0.927363,0.927363,1.018384
"mp-6738",1.307288,1.307288,1.559027
"mp-680015",0.179607,0.179607,0.244678
"mp-6800",0.722854,0.722854,0.899749
"mp-680046",0.13078,0.130676,0.095415
"mp-680047",0.131262,0.131154,0.096566
"mp-680085",0.372703,0.372703,0.709528
"mp-680087",0.372428,0.372428,0.697443
"mp-680095",0.131071,0.130965,0.108387
"mp-680115",0.131763,0.131655,0.093859
"mp-680116",0.131136,0.131029,0.09437
"mp-680118",0.130872,0.130767,0.081046
"mp-680119",0.131113,0.131007,0.081391
"mp-680120",0.131192,0.131085,0.081134
"mp-680133",0.131396,0.131287,0.086382
"mp-680144",0.130669,0.130565,0.090578
"mp-680145",0.130902,0.130795,0.105497
"mp-680146",0.131387,0.13128,0.090954
"mp-680148",0.13138,0.131272,0.105741
"mp-680152",0.132369,0.13226,0.087402
"mp-680153",0.130656,0.130558,0.096589
"mp-680163",0.130808,0.130703,0.10485
"mp-680172",0.131807,0.131698,0.10988
"mp-680196",0.130576,0.130477,0.115106
"mp-680205",0.119844,0.119844,0.067977
"mp-684029",0.131399,0.131296,0.095116
"mp-6867",0.734549,0.734549,0.632438
"mp-6872",0.697345,0.697345,0.392613
"mp-696944",0.283636,0.283318,0.109763
"mp-6977",2.22515,2.22515,3.043523
"mp-6980",0.507411,0.507411,0.338368
"mp-7008",0.366488,0.366488,0.182063
"mp-707874",0.368659,0.368933,0.385455
"mp-7128",1.019834,1.019834,0.484734
"mp-7140",1.431867,1.431867,1.370654
"mp-7191",0.445131,0.445131,0.366068
"mp-7233",0.476599,0.476421,0.43881
"mp-7249",0.969565,0.969565,0.920065
"mp-736",0.94153,0.942317,0.758553
"mp-740711",0.365975,0.365975,0.394203
"mp-7436",0.261762,0.261762,0.079688
"mp-7437",0.394522,0.394283,0.147789
"mp-752658",0.56655,0.56655,0.587965
"mp-752695",0.201759,0.201759,0.189418
"mp-752927",0.839621,0.839621,0.602916
"mp-753546",0.536291,0.536291,0.506072
"mp-753799",0.644287,0.644287,0.385413
"mp-753816",0.839852,0.839852,0.829549
"mp-753920",0.473994,0.473994,0.446852
"mp-753946",0.808706,0.808706,0.353527
"mp-754055",0.644021,0.644021,0.385574
"mp-754065",0.756812,0.756812,0.449618
"mp-754110",0.52023,0.52023,0.567795
"mp-754118",1.015853,1.015853,0.445047
"mp-754138",0.64345,0.64345,0.386091
"mp-754154",0.64607,0.64607,0.386556
"mp-754157",1.059766,1.059766,1.072716
"mp-754212",0.183632,0.183632,0.185403
"mp-754469",0.407754,0.407754,0.454381
"mp-754517",0.191195,0.191195,0.190128
"mp-754535",0.485563,0.485563,0.54336
"mp-754710",0.181065,0.181065,0.175936
"mp-754827",0.421264,0.421264,0.461579
"mp-754834",0.418628,0.418628,0.460069
"mp-755340",0.471641,0.471641,0.44309
"mp-755546",0.750133,0.750133,0.765549
"mp-756018",0.62674,0.62674,0.696927
"mp-756888",0.921342,0.921444,0.787531
"mp-756922",0.507628,0.507628,0.428728
"mp-757074",0.193216,0.193216,0.187723
"mp-757",0.674436,0.674436,0.529689
"mp-760418",0.170912,0.170912,0.179175
"mp-761931",0.595584,0.595343,0.615919
"mp-762258",0.682733,0.682733,0.682505
"mp-7631",1.452144,1.451761,1.436829
"mp-7650",0.955818,0.955818,0.451983
"mp-7664",0.769446,0.769446,0.748819
"mp-768149",0.643303,0.643031,0.741454
"mp-768175",0.506213,0.506213,0.424943
"mp-768267",0.645364,0.645091,0.74374
"mp-768469",0.769749,0.769749,0.950245
"mp-768505",0.780307,0.780307,0.946322
"mp-768864",0.715973,0.715973,0.385773
"mp-768908",0.417192,0.417192,0.458734
"mp-769007",0.973808,0.973808,1.00675
"mp-769015",0.756627,0.756627,0.954255
"mp-769045",0.761722,0.761722,0.953407
"mp-769079",1.116681,1.116681,1.298919
"mp-769268",0.684923,0.684923,0.663923
"mp-769284",0.472214,0.472214,0.442509
"mp-769294",0.324344,0.324344,0.336516
"mp-769307",0.823534,0.823534,0.74088
"mp-769398",0.298941,0.298941,0.349272
"mp-772151",1.436288,1.436288,1.312104
"mp-772180",0.932442,0.932442,0.844796
"mp-772217",0.646028,0.645754,0.745864
"mp-772521",1.219022,1.219022,1.221194
"mp-7738",0.369863,0.3697,0.292826
"mp-7768",0.489969,0.489791,0.345996
"mp-7769",0.516337,0.516153,0.341379
"mp-7786",0.371924,0.371924,0.292708
"mp-7826",0.254039,0.254039,0.500543
"mp-7868",0.624007,0.624007,2.224249
"mp-7891",0.423113,0.422894,0.474694
"mp-7931",0.267972,0.267972,0.336758
"mp-7936",0.559647,0.559647,0.443543
"mp-7937",0.503142,0.503142,0.416688
"mp-7938",0.42986,0.42986,0.403383
"mp-7939",0.39746,0.39746,0.421909
"mp-7940",0.360381,0.360381,0.426883
"mp-7977",0.642394,0.642394,0.382344
"mp-804",0.817017,0.817017,0.812019
"mp-8075",1.318179,1.318179,1.207391
"mp-8098",0.873288,0.873288,1.049247
"mp-8181",0.897587,0.897587,0.721047
"mp-8276",0.365092,0.364882,0.288981
"mp-8277",0.260596,0.260425,0.209956
"mp-8278",0.371786,0.371592,0.274414
"mp-8279",0.231562,0.231398,0.204698
"mp-8280",0.275383,0.275219,0.255881
"mp-8380",1.105281,1.10489,1.442056
"mp-8389",0.443554,0.443554,0.433348
"mp-841",1.343541,1.343541,1.316337
"mp-850213",0.217331,0.217331,0.220574
"mp-8564",0.826028,0.826028,0.69777
"mp-8579",0.257846,0.257631,0.204133
"mp-861906",0.866156,0.866156,0.810194
"mp-862701",0.540933,0.540933,0.428768
"mp-862787",0.257324,0.257324,0.292051
"mp-862792",0.286939,0.286939,0.329355
"mp-864666",0.308693,0.308693,0.377997
"mp-864954",0.907215,0.907215,0.538629
"mp-865185",0.619867,0.619867,0.520812
"mp-866696",0.34576,0.34576,0.465494
"mp-867194",0.316122,0.315949,0.316286
"mp-867261",0.536715,0.536715,0.391319
"mp-867322",0.308488,0.308194,0.375383
"mp-867929",0.310825,0.310825,0.386847
"mp-8723",0.50143,0.50143,0.735094
"mp-8724",0.500296,0.500296,0.27976
"mp-8880",0.746004,0.746004,0.694878
"mp-8881",0.463026,0.462818,0.41893
"mp-8882",0.466499,0.466499,0.429738
"mp-8884",0.268036,0.268036,0.25383
"mp-8922",0.734597,0.734597,0.439032
"mp-9006",0.696803,0.696803,0.527502
"mp-9007",0.2945,0.2945,0.313969
"mp-9037",0.262202,0.262054,0.180782
"mp-905",0.922452,0.922452,0.764051
"mp-9062",0.181841,0.181841,0.210599
"mp-9125",0.798732,0.798732,0.43895
"mp-9126",0.724447,0.724447,0.356761
"mp-9127",0.682535,0.682535,0.327564
"mp-9244",2.709987,2.709293,0.580435
"mp-9252",0.194882,0.194764,0.271594
"mp-9272",0.339142,0.339142,0.115374
"mp-9385",0.202866,0.202866,0.158775
"mp-941221",0.870873,0.870873,0.775984
"mp-9478",1.051694,1.051694,1.448105
"mp-9497",0.541118,0.541118,0.754304
"mp-9498",0.542811,0.542811,0.766481
"mp-9499",0.545248,0.545248,0.790225
"mp-9514",1.314011,1.314011,1.287202
"mp-9564",0.368581,0.368393,0.356716
"mp-9565",0.2688,0.268637,0.265364
"mp-9566",0.256619,0.256619,0.25528
"mp-9567",0.224963,0.224963,0.223055
"mp-9569",0.42685,0.426613,0.309989
"mp-9570",0.287134,0.28698,0.220666
"mp-9573",0.454602,0.454602,0.134694
"mp-9574",0.322878,0.322632,0.090454
"mp-9575",0.322358,0.322181,0.298776
"mp-9582",0.331232,0.331232,0.246127
"mp-9631",1.204874,1.204874,0.875092
"mp-966800",0.312601,0.312432,0.291299
"mp-9702",0.513989,0.513989,0.276941
"mp-9712",0.415146,0.415146,0.234277
"mp-972199",0.255624,0.255461,0.18373
"mp-9732",0.228523,0.228523,0.230981
"mp-9737",0.578948,0.578948,0.632079
"mp-974482",0.805848,0.805848,0.739687
"mp-976280",0.285485,0.285383,0.309865
"mp-9775",0.252656,0.252656,0.240434
"mp-978534",0.593663,0.593663,0.430231
"mp-978852",0.383218,0.383086,0.228663
"mp-979137",0.410769,0.410607,0.253317
"mp-9793",0.378064,0.378064,0.181755
"mp-980057",0.393042,0.392894,0.250505
"mp-983061",1.015231,1.014881,0.463593
"mp-984055",0.586757,0.586757,0.624943
"mp-984555",0.254221,0.254065,0.185347
"mp-985697",1.106294,1.106294,0.805774
"mp-985829",0.509332,0.509332,0.161328
"mp-985831",0.42934,0.42934,0.128516
"mp-9912",0.368934,0.368748,0.246125
"mp-9919",0.364421,0.364421,0.361894
"mp-9946",0.412678,0.412678,0.415509
